Title,Price,Location
Bajaj RE 2016,"Rs 400,000","Anuradhapura, Three Wheelers"
YD 9 INCH Android Box,"Rs 12,000","Colombo, Auto Parts & Accessories"
Xiaomi Redmi 15C 8GB 256GB (Used),"Rs 38,000","Batticaloa, Mobile Phones"
Suzuki GN 125 2017,"Rs 735,000","Ratnapura, Motorbikes"
SOLEX Water Pump,"Rs 600,000","Kegalle, Industry Tools & Machinery"
Suzuki Jimny Land Venture 2016,"Rs 6,500,000","Colombo, Cars"
Hyundai Santa Fe 2006,"Rs 6,400,000","Colombo, Cars"
Honda Vezel Z Premium 2026,"Rs 19,490,000","Colombo, Cars"
Dehiwala Off Hill Street 30 Perches Of Prime Bare Land For Sale,"Rs 5,500,000 per perch","Colombo, Land For Sale"
Toyota Dolphin RZH112 CONVERTED 5L 2001,"Rs 11,350,000","Colombo, Vans"
Bajaj CT100 2007,"Rs 248,000","Kurunegala, Motorbikes"
Apple iPhone 13 (Used),"Rs 98,000","Kalutara, Mobile Phones"
Bajaj RE 1998,"Rs 475,000","Gampaha, Three Wheelers"
Tube Well Service - Tawalantenne,,"Kandy, Trade Services"
Tube Well Service - Galle,,"Galle, Trade Services"
Tube Well Service - Rattapitiya,,"Kandy, Trade Services"
Walker,"Rs 27,000","Colombo, Healthcare, Medical Equipment & Supplies"
Tube Well Service - Pussellawa,,"Kandy, Trade Services"
à¶¶à·à¶½à·à¶à¶­à·à¶­ à¶±à¶à¶»à¶º à¶§ à·à¶¸à·à¶´à· à¶´à¶¯à·à¶à¶ à·à¶ºà¶§ à·à·à¶³à¶¸ à¶à¶©à¶¸à¶à· à¶´à·à¶½à· à¶»à·à·à¶­à· à¶à·à·à¶±à·à¶± à¶à¶±à·à¶±,"Rs 265,000 per perch","Hambantota, Land For Sale"
Tube Well Service - Poththapitiya,,"Kandy, Trade Services"
TVS Ntorq 2019,"Rs 585,000","Matara, Motorbikes"
Realme C55 8+4GB/128GB (Used),"Rs 27,000","Colombo, Mobile Phones"
Bajaj Discover 135 2007,"Rs 400,000","Anuradhapura, Motorbikes"
Wedding Bridal Saree,"Rs 200,000","Colombo, Clothing"
Samsung Galaxy S22 Ultra 5G (Used),"Rs 110,000","Gampaha, Mobile Phones"
TVS Ntorq 125 race 2026,"Rs 749,000","Kalutara, Motorbikes"
Apple iPhone 16 256GB. (Brand New),"Rs 275,000","Colombo, Mobile Phones"
Dell Latitude Core i5-11th Gen | 16GB RAM 512GB NVMe 15.6 IPS,"Rs 119,500","Colombo, Computers & Tablets"
Bajaj Pulsar N160 premium 2025,"Rs 850,000","Colombo, Motorbikes"
Modern 4 Bedroom House for Sale in Pannipitiya,"Rs 79,500,000","Colombo, Houses For Sale"
New 4x2 Size Computer Table (Ff12),"Rs 14,500","Colombo, Furniture"
SAMSUNG 43 INCH 4K ULTRA HD SMART TV (DU7700),"Rs 133,000","Colombo, TVs"
Modern 5BR Luxury Home with Furniture â Battaramulla,"Rs 69,500,000","Colombo, Houses For Sale"
House for Sale in Colombo 07,"Rs 485,000,000","Colombo, Houses For Sale"
Modern Family House in Prime Location Yakkala for Rent,"Rs 85,000 /month","Gampaha, House Rentals"
Toyota CHR for Rent,"Rs 9,800","Gampaha, Rentals"
Sales Representative,"Rs 50,000 - 60,000","Kandy, Sales and Marketing"
2â 1.5HP DC Submersible Solar Pump Package,"Rs 210,000","Colombo, Solar & Generators"
Ice Cream Machine,"Rs 140,000","Kegalle, Industry Tools & Machinery"
Land For Sale in Piliyandala #WR0790,"Rs 1,000,000 per perch","Colombo, Land For Sale"
HONDA FIT GP5 FRONT BUFFER PANEL,"Rs 40,000","Gampaha, Auto Parts & Accessories"
Bajaj CT100 Brand New Es 2026,"Rs 194,360","Colombo, Motorbikes"
Modern 4 Bedroom House in Talawatugoda,"Rs 56,000,000","Colombo, Houses For Sale"
DJI Osmo 360 Action Camera,"Rs 164,990","Colombo, Cameras & Camcorders"
Apple iPhone 14 14/128GB (Used),"Rs 119,999","Colombo, Mobile Phones"
Yamaha Saluto 125 New 2017,"Rs 125,000","Colombo, Motorbikes"
New 4x2 Computer Table Finishing (Ff11),"Rs 14,500","Colombo, Furniture"
Google Pixel 8 Pro 12GB/128GB (Brand New),"Rs 176,990","Colombo, Mobile Phones"
26.2 Perches Land Sale in Katunayake,"Rs 8,500,000 total price","Gampaha, Land For Sale"
Apple iPhone 16 128GB. (Brand New),"Rs 247,500","Colombo, Mobile Phones"
Singer Tv 21'',"Rs 11,500","Kandy, TVs"
TVS Wego 2020,"Rs 620,000","Jaffna, Motorbikes"
Refrigerator,"Rs 55,000","Colombo, Electronic Home Appliances"
Asus Vivobook F1504 Core I3 13 Th Gen â 8GB / 512GB NVME SSD,"Rs 154,000","Colombo, Computers & Tablets"
Elder care and Housemaid services.,Rs 0,"Colombo, Domestic Services"
Samsung Galaxy S24 Ultra 12GB/256GB (Used),"Rs 189,500","Gampaha, Mobile Phones"
Asus KO Geforce RTX 3060 TI V2 OC Edition 8GB GDDR6 Brand New VGA,"Rs 125,000","Colombo, Computer Accessories"
Desktop Computer Set for Parts,"Rs 5,500","Kurunegala, Computer Accessories"
Sofa Set,"Rs 28,000","Colombo, Furniture"
Google Pixel 8 8GB 128GB (Used),"Rs 78,990","Colombo, Mobile Phones"
100mm x 150mm D/T 1UPS 250 PCS - Label Roll CT,"Rs 1,621","Colombo, Office Equipment, Supplies & Stationery"
office assistant and sales executive,"Rs 40,000 - 80,000","Colombo, Office Administration and Operations"
Yamaha FZs V 3.0 2019,"Rs 1,030,000","Ampara, Motorbikes"
Vivo Y93 128GB (Used),"Rs 9,500","Colombo, Mobile Phones"
Honda PCX160 PCX 2024,"Rs 1,620,000","Colombo, Motorbikes"
70mai Dash Cam 4K A800SE,"Rs 34,800","Colombo, Auto Parts & Accessories"
PC Games Soft-copy,Rs 80,"Colombo, Video Games & Consoles"
Karanda Female Chicken,"Rs 2,000","Colombo, Farm Animals"
House with Shop for Sale - Nikaweratiya,"Rs 35,000,000","Kurunegala, Houses For Sale"
Electric Bouth,"Rs 5,000","Colombo, Other Electronics"
Google Pixel 7 Pro 12GB 256GB (Used),"Rs 93,990","Colombo, Mobile Phones"
BMW X1 M Sports 2025,"Rs 36,500,000","Colombo, Cars"
Vivo Y93 64GB | 4GB (Used),"Rs 12,990","Jaffna, Mobile Phones"
2GB|4GB|8GB| DDR3|DDR4 Desktop Ram,"Rs 1,750","Colombo, Computer Accessories"
Huawei MatePad 8GB|128GB (NEW),"Rs 90,000","Colombo, Computers & Tablets"
Honda Dio 2026,"Rs 840,000","Jaffna, Motorbikes"
Non investor 12000BTU Air compressor,"Rs 120,000","Colombo, Air Conditions & Electrical fittings"
12000BTU CHIQ Non Inverter (R32 Gas) Brand New AC- 2026,"Rs 117,900","Kalutara, Air Conditions & Electrical fittings"
Chigo Non Inverter Brand New Air Conditioner 12000BTU,"Rs 114,900","Kandy, Air Conditions & Electrical fittings"
Apple ipad 10th Generation 64GB WiFi,"Rs 73,000","Gampaha, Computers & Tablets"
Suzuki Spacia MK42 Upper Shell,"Rs 38,000","Colombo, Auto Parts & Accessories"
Honda Fit Shuttle Navi-Premium (GP 2) 2014,"Rs 9,550,000","Gampaha, Cars"
Commercial Building For Rent In Colombo 05 (P-15),"Rs 1,500,000 /month","Colombo, Commercial Property Rentals"
Office Space For Rent In Colombo 05 (P-60),"Rs 185,000 /month","Colombo, Commercial Property Rentals"
3 Bedrooms Apartment For sale in Colombo 03 (P-62),"Rs 110,000,000","Colombo, Apartments For Sale"
Office Space For Rent in Colombo 13 (P-16),"Rs 225,000 /month","Colombo, Commercial Property Rentals"
Fully Furnished 3 Bedrooms Apartment For Rent In Colombo 02 (P-61),"Rs 400,000 /month","Colombo, Apartment Rentals"
Toyota Vitz SCP10 Engine Under Guard,"Rs 10,000","Colombo, Auto Parts & Accessories"
Suzuki Alto Ha24 Manual Side Mirror Lhs,"Rs 5,000","Colombo, Auto Parts & Accessories"
Toyota Prius 30 Side Mirrors,"Rs 16,000","Colombo, Auto Parts & Accessories"
Apartment Complex For Sale in Colombo 7,"Rs 402,000,000","Colombo, Apartments For Sale"
Two Storied House For Sale In Nandana Garden Bambalapitiya Colombo 4,"Rs 125,000,000","Colombo, Houses For Sale"
Two Unit House For Sale in Dehiwala,"Rs 65,000,000","Colombo, Houses For Sale"
Weight Set HJ,"Rs 16,500","Colombo, Sports & Fitness"
Super Luxury Service Apartment For Rent In Ocean Breeze Negombo,"Rs 175,000 /month","Gampaha, Apartment Rentals"
Luxury House For Sale In Alexandra Place Colombo 07 ( Villa ),"Rs 850,000,000","Colombo, Houses For Sale"
Luxury Apartment for Rent in Ocean Breeze Negombo,"Rs 175,000 /month","Gampaha, Apartment Rentals"
Land for Sale in 3rd Lane Ratmalana,"Rs 2,950,000 per perch","Colombo, Land For Sale"
Nissan Clipper PC Limited-FullyAuto 2024,"Rs 7,550,000","Gampaha, Vans"
Toyota Prius S GRADE 2013,"Rs 10,790,000","Gampaha, Cars"
Apartment Complex For Sale in Colombo 7,"Rs 402,000,000","Colombo, Apartments For Sale"
Two Storied House For Sale In Nandana Garden Bambalapitiya Colombo 4,"Rs 125,000,000","Colombo, Houses For Sale"
Two Unit House For Sale in Dehiwala,"Rs 65,000,000","Colombo, Houses For Sale"
Weight Set HJ,"Rs 16,500","Colombo, Sports & Fitness"
Super Luxury Service Apartment For Rent In Ocean Breeze Negombo,"Rs 175,000 /month","Gampaha, Apartment Rentals"
Luxury House For Sale In Alexandra Place Colombo 07 ( Villa ),"Rs 850,000,000","Colombo, Houses For Sale"
Luxury Apartment for Rent in Ocean Breeze Negombo,"Rs 175,000 /month","Gampaha, Apartment Rentals"
Land for Sale in 3rd Lane Ratmalana,"Rs 2,950,000 per perch","Colombo, Land For Sale"
Nissan Clipper PC Limited-FullyAuto 2024,"Rs 7,550,000","Gampaha, Vans"
Toyota Prius S GRADE 2013,"Rs 10,790,000","Gampaha, Cars"
Toyota KDH Super GL-KDH 200 2007,"Rs 18,000,000","Gampaha, Vans"
Brand New Luxury Apartment For Rent,"Rs 450,000 /month","Colombo, Apartment Rentals"
New Hisense K Series (Singhagiri) Non Inverter Brand AC 2026 ð¨ð³,"Rs 123,900","Colombo, Air Conditions & Electrical fittings"
Honda City Vtec Turbo/Auto 2024,"Rs 11,850,000","Gampaha, Cars"
New 12000BTU CHIGO Non Inverter (R32 Gas Refrigerant) AC 2026 Model,"Rs 114,900","Colombo, Air Conditions & Electrical fittings"
Luxury Fully Furnished Three Story House For Rent,"Rs 210,000 /month","Colombo, House Rentals"
Three Story House For Rent,"Rs 220,000 /month","Colombo, House Rentals"
Suzuki Wagon R FZ 2018,"Rs 6,600,000","Colombo, Cars"
Toyota Land Cruiser Sahara Series-76(CHOGM) 1HZ 2014,"Rs 41,500,000","Gampaha, Cars"
Jeep Gladiator Rubicon Full Spec-USA (DIMO) 2025,"Rs 38,500,000","Gampaha, Cars"
Apple iPhone 13 Pro (Used),"Rs 139,000","Colombo, Mobile Phones"
MacBook Neo 8GB 512GB,"Rs 294,900","Colombo, Computers & Tablets"
Girlsâ Sharing Room for Rent in Maharagama,"Rs 12,000 /month","Colombo, Room & Annex Rentals"
New Studio Apartments for Rent Maharagama,"Rs 50,000 /month","Colombo, Apartment Rentals"
Toyota Vitz KSP130 2016,"Rs 7,100,000","Gampaha, Cars"
Kaduwela Land for Sale,"Rs 1,800,000 per perch","Colombo, Land For Sale"
Mercedes Benz Car for Rent,Rs 100,"Gampaha, Rentals"
Honda Vezel for Rent,Rs 100,"Gampaha, Rentals"
Dell Latitude 5400 Core i5 \8th Gen\ 8GB RAM 256GB NVMe,"Rs 79,000","Colombo, Computers & Tablets"
Apple iPhone 17 Pro Max 256GB (Brand New),"Rs 470,000","Colombo, Mobile Phones"
Hero Pleasure 2011,"Rs 235,000","Matara, Motorbikes"
à¶à·à¶±à· à¶à·à¶à·à¶½à¶±à·,"Rs 5,000","Kalutara, Farm Animals"
Isuzu Elf 2016,"Rs 15,200,000","Kurunegala, Lorries & Trucks"
Bajaj RE Three Wheeler 2017,"Rs 145,000","Ratnapura, Three Wheelers"
brand new single story house for sale in kesbawa,"Rs 24,000,000","Colombo, Houses For Sale"
De Freezer Compressor,"Rs 4,800","Matale, Electronic Home Appliances"
Google Pixel 7 8GB 128GB (Used),"Rs 66,990","Colombo, Mobile Phones"
Samsung Galaxy S25 256GB 8GB RAM 5G (Brand New),"Rs 215,000","Kandy, Mobile Phones"
Tools Sets 6 Pcs in 1,"Rs 10,000","Colombo, Industry Tools & Machinery"
Toyota vitz ksp130 engine oil sump genuine,"Rs 58,000","Kalutara, Auto Parts & Accessories"
Suzuki Burgman 2019,"Rs 710,000","Kalutara, Motorbikes"
"Sound Rental, Power Up Your Party with the Sony Shake X70D!","Rs 8,000","Colombo, Events & Entertainment"
Apple iPhone 17 Pro 256GB SIM Version (Brand New),"Rs 475,000","Colombo, Mobile Phones"
Genuine Apple AirPods 2,"Rs 20,000","Colombo, Mobile Phone Accessories"
Luxury Two-Story House for Rent in Thalawathugoda - EH401,"Rs 300,000 /month","Colombo, House Rentals"
Apple iPhone 17 Pro 256GB eSIM (Brand New),"Rs 439,000","Colombo, Mobile Phones"
HP Elitebook 640 G9 Core I5 12th Gen 16GB RAM 256GB NVME SSD Used Laptop,"Rs 122,000","Colombo, Computers & Tablets"
Hyundai Grand I10 Fog lights,"Rs 25,000","Gampaha, Auto Parts & Accessories"
3 BR Havelock City Apartment for Rent - PDA395,"Rs 480,000 /month","Colombo, Apartment Rentals"
Dell i3 8th Gen Laptop,"Rs 40,500","Colombo, Computers & Tablets"
Dashshund Dog,"Rs 20,000","Gampaha, Pets"
Rainbow Love Birds,"Rs 3,500","Ampara, Pets"
Apple iPhone 14 Plus (Used),"Rs 108,000","Ampara, Mobile Phones"
Samsung Galaxy A12 128GB (Used),"Rs 14,500","Puttalam, Mobile Phones"
Yamaha FZs V2 2018,"Rs 810,000","Kandy, Motorbikes"
Apple iPhone 7 Plus (Used),"Rs 34,500","Colombo, Mobile Phones"
Suzuki wagon r fx head light,"Rs 55,000","Gampaha, Auto Parts & Accessories"
Suzuki wagon r tail light,"Rs 45,000","Gampaha, Auto Parts & Accessories"
Mini 2 Seater with Coffee,"Rs 45,000","Gampaha, Furniture"
two story house for sale in malabe Ds10350,"Rs 35,000,000","Colombo, Houses For Sale"
Xiaomi Redmi 10C (Used),"Rs 15,000","Batticaloa, Mobile Phones"
Asus Vivobook 15,"Rs 120,000","Ratnapura, Computers & Tablets"
Apple iPhone 16 Pro (Used),"Rs 260,000","Galle, Mobile Phones"
Suzuki Baleno 2020,"Rs 8,800,000","Colombo, Cars"
Honda Twister 2017,"Rs 380,000","Ampara, Motorbikes"
"2 Land Lots in A Quiet and Safe Neighbourhood Udahamulla, Nugegoda","Rs 3,000,000 per perch","Colombo, Land For Sale"
Playstation 4 Slim,"Rs 52,000","Colombo, Video Games & Consoles"
ZTE nubia V80 Pro (Used),"Rs 41,500","Kurunegala, Mobile Phones"
Singal Bed,"Rs 65,000","Colombo, Furniture"
Bajaj Pulsar NS200 2019,"Rs 820,000","Kurunegala, Motorbikes"
Oppo A5x 4GB 128GB (Used),"Rs 37,000","Colombo, Mobile Phones"
Luxurious Modern L shaped Sectional,"Rs 350,000","Gampaha, Furniture"
Huawei Pura 80 Pro 5G 512GB (Used),"Rs 249,500","Gampaha, Mobile Phones"
Gold Fish,"Rs 1,500","Anuradhapura, Pets"
Samsung Galaxy A21s (Used),"Rs 28,000","Anuradhapura, Mobile Phones"
Housemaids Service ( Daily | Staying ),Rs 0,"Colombo, Domestic Services"
Apple MacBook Air 2020 i3,"Rs 130,000","Kandy, Computers & Tablets"
Attendant ( Male | Female ),Rs 0,"Colombo, Domestic Services"
3 storey house rent for residential or business purposes,"Rs 250,000 /month","Colombo, House Rentals"
Vivo Y29 (New),"Rs 62,999","Colombo, Mobile Phones"
Luxury Two-Storey House for Sale in Malabe (Pittugala) - EH400,"Rs 34,500,000 /month","Colombo, House Rentals"
Elder Care Service ( Male | Female ),Rs 0,"Colombo, Domestic Services"
Intel Core i3 Laptop,"Rs 35,000","Kalutara, Computers & Tablets"
Elder Care Service,Rs 0,"Colombo, Domestic Services"
Every DA17 Bonnet,"Rs 53,000","Kandy, Auto Parts & Accessories"
Apple iPhone 13 Pro 256GB (Used),"Rs 135,500","Kandy, Mobile Phones"
Elder Care Service,Rs 0,"Gampaha, Domestic Services"
Servants Service ( Daily / Staying ),Rs 0,"Colombo, Domestic Services"
Apple iPhone 13 Pro Max 256GB (Used),"Rs 132,000","Batticaloa, Mobile Phones"
Elder Care Services,Rs 0,"Kurunegala, Domestic Services"
Apple iPhone 11 128GB (Used),"Rs 69,999","Colombo, Mobile Phones"
Land for Sale in Athurugiriya Habarakada,"Rs 600,000 per perch","Colombo, Land For Sale"
Apple iPhone 11 128GB (Used),"Rs 69,999","Colombo, Mobile Phones"
House Sale Nugegoda - Closer to Jayawardenapura University,"Rs 42,000,000","Colombo, Houses For Sale"
38mm x 25mm T/T 2UPS 4000 PCS - Thermal Transfer Barcode Label Roll,"Rs 1,369","Colombo, Office Equipment, Supplies & Stationery"
Apple iPhone 11 128GB (Used),"Rs 64,999","Colombo, Mobile Phones"
Canterbury Golf 2 Storey House For Rent in Piliyandala - EH399,"Rs 170,000 /month","Colombo, House Rentals"
Apple iPhone 11 128GB (Used),"Rs 64,999","Colombo, Mobile Phones"
Daily and staying Housemaid services.,Rs 0,"Colombo, Domestic Services"
Vivo Y17 8/256GB (Used),"Rs 14,999","Colombo, Mobile Phones"
Daily and staying Housemaid services.,Rs 0,"Colombo, Domestic Services"
Vivo Y17 8/256GB (Used),"Rs 14,999","Colombo, Mobile Phones"
Vivo Y17 8/256GB (Used),"Rs 15,000","Colombo, Mobile Phones"
Sony 10 V 6GB 128GB (Used),"Rs 34,990","Colombo, Mobile Phones"
Land with House for Sale Maharagama,"Rs 2,500,000 per perch","Colombo, Land For Sale"
2 Storey House Rent in Negombo,"Rs 65,000 /month","Gampaha, House Rentals"
Apple iPhone XS 256GB (Used),"Rs 59,999","Colombo, Mobile Phones"
Vega Helmet,"Rs 10,000","Matara, Auto Parts & Accessories"
Private Apartment for Rent in Rajagiriya,"Rs 97,000 /month","Colombo, Apartment Rentals"
Honor X7C (New),"Rs 56,200","Colombo, Mobile Phones"
Prestigious House for Sale Piliyandala,"Rs 65,000,000","Colombo, Houses For Sale"
Apple iPhone XS 256GB (Used),"Rs 59,999","Colombo, Mobile Phones"
3 Story House For Sale in Battaramulla - EH398,"Rs 100,000,000","Colombo, Houses For Sale"
City Limit Land for Sale Maharagama,"Rs 2,500,000 per perch","Colombo, Land For Sale"
Bajaj Discover 125 2024,"Rs 650,000","Gampaha, Motorbikes"
Apple iPhone XS 256GB (Used),"Rs 59,999","Colombo, Mobile Phones"
Apple iPhone 13 128GB (Used),"Rs 99,999","Colombo, Mobile Phones"
Infinix Hot 50i (Used),"Rs 40,000","Matale, Mobile Phones"
Honda Vezel 2025 Z PLAY BRANDNEW,"Rs 20,500,000","Colombo, Cars"
Apple iPhone XS 256GB (Used),"Rs 59,999","Colombo, Mobile Phones"
TVS Wego 2020,"Rs 620,000","Jaffna, Motorbikes"
TVS Ntorq 125 XP 2025,"Rs 755,000","Matara, Motorbikes"
Vivo Y17 8/256GB (Used),"Rs 15,000","Colombo, Mobile Phones"
Samsung (Used),"Rs 44,000","Colombo, Mobile Phones"
brand new house for sale in piliyandala,"Rs 24,000,000","Colombo, Houses For Sale"
Tube Well Service - Athurugiriya,,"Colombo, Trade Services"
Two-Storey House for Rent Malabe,"Rs 120,000 /month","Colombo, House Rentals"
Samsung Galaxy A55 5G (Used),"Rs 70,000","Colombo, Mobile Phones"
Apple iPhone X (Used),"Rs 30,000","Trincomalee, Mobile Phones"
"New Teak Box Type Bed 72"" X 60"" Queen Size ( 6 5 ) Ft Triple S","Rs 30,500","Colombo, Furniture"
Nokia 105 Dual Sim (Brand New),"Rs 6,800","Colombo, Mobile Phones"
Yamaha CG - 120 A Japan Classic Guitar,"Rs 30,000","Kandy, Musical Instruments"
Nissan Leaf Parts,"Rs 12,340","Gampaha, Auto Parts & Accessories"
Sofa Set,"Rs 27,000","Colombo, Furniture"
Vivo Y93 6GB. 128GB (Used),"Rs 13,500","Kalutara, Mobile Phones"
Kieselect Lora ladies,"Rs 8,999","Kandy, Smart Watches & Fitness Bands"
Admin/ Data Entry (Female),"Rs 35,000 - 40,000","Gampaha, Office Administration and Operations"
"Brand New Modern House For Sale in Lake Road, Pelawatta - EH405","Rs 64,000,000","Colombo, Houses For Sale"
à¶±à·à·à¶±à¶­à¶¸ à¶­à¶±à·à¶¸à·à¶½à· à¶±à·à·à· à·à·à¶à·à¶«à·à¶¸à¶§ Piliyandala Bandaragama road,"Rs 23,000,000","Colombo, Houses For Sale"
3 Rooms 2 Storey house rent in Negombo,"Rs 65,000 /month","Gampaha, House Rentals"
LG Refrigerator,"Rs 23,000","Matara, Electronic Home Appliances"
Peaceful Environment land for sale in Malabe â Thunadahena Junction,"Rs 1,175,000 per perch","Colombo, Land For Sale"
TVS Wego 2020,"Rs 500,000","Jaffna, Motorbikes"
Apple iPhone XS 256GB (Used),"Rs 59,999","Colombo, Mobile Phones"
à·à·à¶»à¶« à¶´à·à¶½à·à¶à·à·à¶à·à·à¶§ 120 à¶¶à·à· à¶´à·à¶»à¶§ à¶à·à·à¶¯à·à¶± à¶¯à·à¶»à·à¶±à· à¶´à¶¯à·à¶à¶ à·à¶ºà¶§ à¶¶à·à¶¸à· à¶à·à¶§à·à·,"Rs 925,000 per perch","Colombo, Land For Sale"
LED Flood Light,"Rs 80,000","Batticaloa, Other Electronics"
"Xiaomi Redmi 10A 4+1GB,64GB (Used)","Rs 20,000","Colombo, Mobile Phones"
New Teak Arch Bed,"Rs 18,800","Colombo, Furniture"
House for Sale in Matara Fort,"Rs 85,000,000","Matara, Houses For Sale"
LITO TRUE WIRELESS EARBUDS ANC,"Rs 7,900","Colombo, Other Electronics"
à¶¶à¶«à·à¶©à·à¶»à¶à¶¸à¶­à· à¶à·à·à·à¶¶à·à·à¶­à· à¶à¶­à¶» à·à¶§à·à¶±à· à¶à¶©à¶¸à· à¶¶à·à¶¸à· à¶à·à¶§à·à·,"Rs 555,000 per perch","Kalutara, Land For Sale"
Bajaj Pulsar NS200 New 2026,"Rs 509,975","Gampaha, Motorbikes"
Brand New Single Storey House for Sale in Kandana,"Rs 13,500,000","Gampaha, Houses For Sale"
Jaela Ekala Main Road Facing 45 Perches Land For sale,"Rs 3,800,000 per perch","Gampaha, Land For Sale"
Realme C11 (Used),"Rs 11,500","Kandy, Mobile Phones"
Sony Xperia XZ2 Premium 6GB 64GB (Used),"Rs 24,990","Colombo, Mobile Phones"
Apple iPhone 11 Pro 256GB (Used),"Rs 79,500","Kandy, Mobile Phones"
à¶±à·à·à¶±à·à¶¯à¶¸ à¶¶à·à· à¶´à·à¶»à¶§ à¶¸à·à¶§à¶»à· 800à¶ à¶¯à·à¶»à·à¶±à· à¶±à·à·à·à¶à· à·à·à¶à·à¶«à·à¶¸à¶§ à¶à¶­.,"Rs 13,200,000","Gampaha, Houses For Sale"
70mai Dash Camera A500s Pro Plus with RearCam & Hardware Kit,"Rs 34,800","Colombo, Auto Parts & Accessories"
à¶±à·à·à·à·à·à¶ à¶»à·à¶ºà¶¯à·à¶»à·,"Rs 60,000 - 80,000","Colombo, Driver"
Accounting and Tax Services,"Rs 25,000","Gampaha, Other Services"
Vehicle Head Light Washer,"Rs 10,000","Gampaha, Auto Parts & Accessories"
à¶ºà¶à·à¶à¶½à·à¶±à· à¶à·à·à¶¹ à¶±à·à·à¶» à¶´à·à¶»à¶§ à¶à·à¶±à·à¶±à¶ºà·à¶±à· à¶à¶à¶±à· à¶¶à·à¶¸à· à¶à·à¶§à·à·,"Rs 475,000 per perch","Gampaha, Land For Sale"
Single Story House For Rent in Battaramulla - EH397,"Rs 200,000 /month","Colombo, House Rentals"
Apple iPhone 15 128GB (Brand New),"Rs 204,999","Colombo, Mobile Phones"
Toyota Vitz F Grade 2018,"Rs 7,600,000","Polonnaruwa, Cars"
Apple iPhone 16 256GB Full Set (Used),"Rs 195,000","Colombo, Mobile Phones"
Sony Xperia XZ2 4GB 64GB (Used),"Rs 19,990","Colombo, Mobile Phones"
Toyota Raize 1200cc Hybrid 2026,"Rs 14,250,000","Gampaha, Cars"
Helmet Wireless Earphone 5.0,"Rs 4,500","Kandy, Mobile Phone Accessories"
Beautician - Hair and Beauty,"Rs 30,000 - 150,000","Colombo, Beauty & Hairdressing"
Apple iPhone 11 128GB (Black) (Used),"Rs 49,990","Colombo, Mobile Phones"
Samsung Galaxy S25 Ultra 5G 12GB | 512GB (Used),"Rs 259,999","Colombo, Mobile Phones"
Rent A Car- Toyota Vios Automatic,"Rs 4,000","Colombo, Rentals"
Suzuki Alto Japan Car For Rent,"Rs 3,250","Colombo, Rentals"
Moto G54 5G 12/256GB (Used),"Rs 38,000","Puttalam, Mobile Phones"
Honda CB 125 1999,"Rs 95,000","Kurunegala, Motorbikes"
Google Pixel 8 Pro 128GB. (Brand New),"Rs 177,500","Colombo, Mobile Phones"
Single house rent in Ja Ela Kapuwatta - JK,"Rs 85,000 /month","Gampaha, House Rentals"
à¶à¶³à·à¶± à¶±à¶à¶»à¶ºà¶§ à·à¶¸à·à¶´à· à¶à¶½à·à¶­à·à¶±à·à¶¸ à¶à¶¯à·à¶à· à¶à¶½à¶à¶à·à¶» à¶¯à·à¶¸à·à¶½à· à¶±à·à·à·à¶à· à·à·à¶à·à¶«à·à¶¸à¶§,"Rs 35,000,000","Gampaha, Houses For Sale"
Google Pixel 7 Pro 12GB | 128GB (Used),"Rs 99,500","Galle, Mobile Phones"
Mixer Grinder Sumeet - 500W AVION,"Rs 15,427","Colombo, Electronic Home Appliances"
Honda Dio 2014,"Rs 380,000","Puttalam, Motorbikes"
Apple iPhone 13 (Used),"Rs 103,000","Colombo, Mobile Phones"
Google Pixel 6 Pro 128GB (Used),"Rs 70,000","Colombo, Mobile Phones"
Samsung Galaxy S21 FE 5G 6GB | 128GB (Used),"Rs 55,000","Colombo, Mobile Phones"
Apple iPhone 12 Pro (Used),"Rs 82,500","Kegalle, Mobile Phones"
Honda Vezel Z Play Moon Roof 2025,"Rs 20,400,000","Colombo, Cars"
Coaster Luxury Bus for Hire,,"Colombo, Auto Services"
Brand New Treadmill With Vibration Belt and Twister /Dumbbells- M27,"Rs 179,000","Colombo, Sports & Fitness"
"Two Storied Semi Furnished House For Rent In Kalubowila, Dehiwala","Rs 210,000 /month","Colombo, House Rentals"
Balloon Pearl Gourami,"Rs 1,450","Colombo, Pets"
Apple iPhone 16 Pro Max (Used),"Rs 320,000","Ratnapura, Mobile Phones"
Yamaha Fz V2 Visor,Rs 750,"Gampaha, Auto Parts & Accessories"
100mm x 75mm D/T 1UPS 500 PCS - TC BARCODE LABEL ROLL,"Rs 1,540","Colombo, Office Equipment, Supplies & Stationery"
Coffee Table,"Rs 27,500","Colombo, Furniture"
Shihtzu Puppies,"Rs 70,000","Kalutara, Pets"
Bajaj RE 2014,"Rs 1,500,000","Vavuniya, Three Wheelers"
Google Pixel 8 128GB. (Brand New),"Rs 148,900","Colombo, Mobile Phones"
Lion Shepherd Puppies,"Rs 40,000","Kurunegala, Pets"
Lion Shepherd Puppies,"Rs 40,000","Kurunegala, Pets"
Bicycle,"Rs 75,000","Kalutara, Bicycles"
Wedding Hall Floor Carpet,Rs 540,"Gampaha, Home Decor"
Google Pixel 7a 128GB (Used),"Rs 62,000","Colombo, Mobile Phones"
Honor X7b (Used),"Rs 52,000","Anuradhapura, Mobile Phones"
à¶±à·à¶»à¶¸à·à¶¸à¶½ à¶±à·à·à·à·à·à¶ à¶¶à·à¶¸à· à¶à·à¶§à·à·,"Rs 160,000 per perch","Kurunegala, Land For Sale"
Apple iPhone 15 Pro 256 GB (Used),"Rs 228,000","Colombo, Mobile Phones"
Water Pump Motor,"Rs 15,000","Colombo, Garden"
Treasure Trove 2BR Apartment For Sale in Colombo 8 - EA570,"Rs 47,000,000","Colombo, Apartments For Sale"
Mini Rotary Machine,"Rs 75,000","Kurunegala, Industry Tools & Machinery"
Roosters,"Rs 5,000","Nuwara Eliya, Pets"
Google Pixel 7 128GB. (Brand New),"Rs 100,000","Colombo, Mobile Phones"
Coaster AC Bus for Hire & Tour,,"Colombo, Auto Services"
Mercedes Benz Car for Rent,Rs 100,"Gampaha, Rentals"
"Luxury House for Sale â Katubedda, Moratuwa","Rs 68,500,000","Colombo, Houses For Sale"
Toyota Taisor V Grade 2026,"Rs 11,250,000","Gampaha, Cars"
Kia Sonet Htx 1.0L 2026,"Rs 10,390,000","Colombo, Cars"
Fully Completed Modern Luxury Brand New House for Sale Malabe,"Rs 43,000,000","Colombo, Houses For Sale"
KDH High Roof Van for Hire 14seater,,"Colombo, Auto Services"
Valuble Lands for Sale in Giriulla - H04,"Rs 155,000 per perch","Gampaha, Land For Sale"
Google Pixel 6a 128GB (Used),"Rs 52,000","Colombo, Mobile Phones"
Oppo A3s 6GB 128GB (Used),"Rs 13,599","Colombo, Mobile Phones"
Rottweiler Puppy,"Rs 45,000","Colombo, Pets"
Honda Vezel AC Compressor,"Rs 100,000","Gampaha, Auto Parts & Accessories"
Apple iPhone 16 Pro Max 512 GB (Used),"Rs 365,000","Colombo, Mobile Phones"
Toyota Axio 2015,"Rs 10,799,999","Colombo, Cars"
Two Story House with 5 Bed rooms 2 Bathrooms,"Rs 13,650,000","Colombo, Trade Services"
Melamine Black Wardrobe 3d Ii,"Rs 40,000","Colombo, Furniture"
Oppo A31 8GB 256GB (Used),"Rs 16,490","Kalutara, Mobile Phones"
Samsung Galaxy A33 128GB 6GB 5G (Used),"Rs 39,999","Colombo, Mobile Phones"
Valuble Lands for Sale in Giriulla - h03,"Rs 155,000 per perch","Anuradhapura, Land For Sale"
Commi 2 in Panadura,"Rs 75,000 - 85,000","Colombo, Chef"
Valuble Lands for Sale in Giriulla - H02,"Rs 155,000 per perch","Kandy, Land For Sale"
TT - 100mm x 1UPS 500 PCS Label Roll,"Rs 1,891","Colombo, Office Equipment, Supplies & Stationery"
Valuble Lands for Sale in Giriulla - H01,"Rs 155,000 per perch","Colombo, Land For Sale"
Shihtzu Puppy,"Rs 58,000","Colombo, Pets"
Professional Support for Academic Work,Rs 0,"Colombo, Other Education"
Apple iPhone 15 Pro Max 256GB (Used),"Rs 254,999","Colombo, Mobile Phones"
à¶à·à·à¶¹ - à¶à·à¶»à·à¶«à·à¶à¶½ à¶´à·âà¶»à¶°à·à¶± à¶´à·à¶»à¶§ à·à¶¸à·à¶´à· à¶¯à·à¶¸à·à¶½à· à¶±à·à·à·à¶à· à·à·à¶à·à¶«à·à¶¸à¶§.,"Rs 23,000,000","Gampaha, Houses For Sale"
Student Academic Support,Rs 0,"Colombo, Other Education"
Academic Guidance for Assignments Research,Rs 0,"Colombo, Other Education"
Apple iPhone 12 128GB (Used),"Rs 80,499","Colombo, Mobile Phones"
Stirling 15 Bar Espresso Machine With Grinder,"Rs 285,000","Gampaha, Industry Tools & Machinery"
à¶¸à¶©à¶½à·à¶±à· à¶´à·à·à·à¶»,Rs 100,"Kurunegala, Other Agriculture"
Bunk Beds Heavy Duty,"Rs 27,500","Colombo, Furniture"
CRC65 à·à¶ºà·à¶¶à·âà¶»à·à¶©à· à¶´à·à¶½à· à¶´à·à·,"Rs 2,000","Matara, Crops, Seeds & Plants"
Apple iPhone 15 Pro Max (Used),"Rs 245,000","Kandy, Mobile Phones"
Two Story House with 5 Bed rooms 2 Bathrooms,"Rs 13,650,000","Colombo, Trade Services"
Intex nano 2 (Brand New),"Rs 3,490","Colombo, Mobile Phones"
Oppo A31 8GB 256GB (Used),"Rs 15,999","Colombo, Mobile Phones"
Camera Video Recording Wall Charger Wifi Adapter 12mp Full Hd - 1080P,"Rs 22,500","Colombo, Cameras & Camcorders"
Toyota KDH Van for Hire [9-15 Seater],,"Colombo, Auto Services"
Oppo Reno 8T - 8GB|128GB (Used),"Rs 52,999","Colombo, Mobile Phones"
Xiaomi Poco M3 Pro 5G 6GB/128GB .. (Used),"Rs 24,990","Colombo, Mobile Phones"
Apple iPhone 12 Pro 256GB (Used),"Rs 104,999","Colombo, Mobile Phones"
SILVER CHAIN 22G,"Rs 17,160","Colombo, Jewellery"
Apple iPhone XR 256GB (Used),"Rs 64,999","Colombo, Mobile Phones"
Honda Vezel AC Compressor,"Rs 230,000","Gampaha, Auto Parts & Accessories"
Luxury Banquet Hall Floor Carpet,Rs 660,"Gampaha, Home Decor"
TVS Sport 2026,"Rs 195,000","Colombo, Motorbikes"
Apple iPhone 13 Pro 256GB (Used),"Rs 139,999","Colombo, Mobile Phones"
TVS Sport 2026,"Rs 195,000","Colombo, Motorbikes"
Nissan Qashqai 2019,"Rs 12,290,000","Colombo, Cars"
TVS Sport 2026,"Rs 195,000","Colombo, Motorbikes"
Apple iPhone 14 Pro 256GB (Used),"Rs 184,999","Colombo, Mobile Phones"
100mm x 150mm T/T 1UPS 500 PCS - Barcode Label Roll,"Rs 2,269","Colombo, Office Equipment, Supplies & Stationery"
Oppo A5s 6GB/128GB q (Used),"Rs 14,990","Colombo, Mobile Phones"
Apple iPhone 15 128 GB (Used),"Rs 149,000","Colombo, Mobile Phones"
Xiaomi Redmi 10 DUALSIM (Used),"Rs 23,999","Colombo, Mobile Phones"
Mitsubishi Montero V98 Gls Fully Loaded 2015,"Rs 25,950,000","Gampaha, Cars"
Hono H1 Max (Brand New),"Rs 4,250","Colombo, Mobile Phones"
Samsung Galaxy A07 4GB 64GB (Brand New),"Rs 38,994","Colombo, Mobile Phones"
Apple iPhone 13 128GB (Used),"Rs 95,999","Colombo, Mobile Phones"
Apple iPhone 16 Pro Max 256GB (Used),"Rs 345,000","Colombo, Mobile Phones"
Orient Residencies - Brand New 03 Rooms Apartment for Sale EA227,"Rs 70,000,000","Colombo, Apartments For Sale"
TVS Scooty Pep+ 2009,"Rs 220,000","Kalutara, Motorbikes"
Mattress Arpico Double Layer 6ft *3ft,"Rs 6,500","Colombo, Furniture"
Education Consultant,"Rs 80,000 - 135,000","Colombo, Consultant"
Dell i5 11Gen 8/256GB 15.6âFHD Display,"Rs 108,000","Ampara, Computers & Tablets"
House for Sale in Homagama,"Rs 24,000,000","Colombo, Houses For Sale"
Gree 18000 BTU A/C,"Rs 150,000","Colombo, Air Conditions & Electrical fittings"
Apple iPhone 13 (Used),"Rs 80,000","Colombo, Mobile Phones"
2 Storey House Sale in Ja Ela - 6 Rooms,"Rs 32,500,000","Gampaha, Houses For Sale"
JBL PartyBox Stage 320 for Rent With Mics,"Rs 3,500","Kalutara, Events & Entertainment"
fish tank UV Light Algaee Killing 230v 13w Submersible water proof new,"Rs 6,500","Colombo, Animal Accessories"
Commi 3 Panadura,"Rs 65,000 - 75,000","Colombo, Chef"
Xiaomi Redmi 9A 6GB 128GB (Used),"Rs 16,597","Colombo, Mobile Phones"
Samsung Galaxy S23 Ultra 5G 12GB|256GB (Used),"Rs 149,999","Colombo, Mobile Phones"
Apple iPhone 11 Pro 256 GB (Used),"Rs 69,250","Colombo, Mobile Phones"
TVS Streak 2012,"Rs 215,000","Kalutara, Motorbikes"
Apple iPhone 12 Pro Max (Used),"Rs 105,000","Colombo, Mobile Phones"
Land Rover Range Autobiography P460e 2025,"Rs 157,500,000","Colombo, Cars"
Two Story House with 5 Large Bed rooms 4 Bathrooms,"Rs 14,700,000","Colombo, Trade Services"
"Apple iPhone 12 64GB Blue,Black (Used)","Rs 74,999","Colombo, Mobile Phones"
Apple iPhone XS 256GB (Used),"Rs 59,999","Colombo, Mobile Phones"
Redragon AKALI RGB Mechanical Keyboard,"Rs 14,500","Colombo, Computer Accessories"
GAS RICE COOKER 20L,"Rs 55,540","Colombo, Industry Tools & Machinery"
Apple iPhone 13 Pro Max 256 GB (Used),"Rs 168,000","Colombo, Mobile Phones"
Vacuum Cleaner for Soft / Bed Dust Suction UV Sterilizer Rechargeable,"Rs 4,500","Colombo, Other Electronics"
Single Storey House Rent in Kapuwatte,"Rs 85,000 /month","Gampaha, House Rentals"
Apple iPhone 13 Pro Max 256 GB (Used),"Rs 168,000","Colombo, Mobile Phones"
Vacuum Cleaner for Soft / Bed Dust Suction UV Sterilizer Rechargeable,"Rs 4,500","Colombo, Other Electronics"
Single Storey House Rent in Kapuwatte,"Rs 85,000 /month","Gampaha, House Rentals"
ICE CUBE MAKER 200KG INDURSTIAL,"Rs 381,480","Colombo, Industry Tools & Machinery"
Seventh Sense - 02 Rooms Luxury Apartment for Rent EA208,"Rs 620,000 /month","Colombo, Apartment Rentals"
2 BHK Apartment for sale in Prime Java 25 - PDA410,"Rs 64,000,000","Colombo, Apartments For Sale"
Greentel A3 Dual Sim (Brand New),"Rs 3,990","Colombo, Mobile Phones"
Apple Watch Series 7,"Rs 54,750","Colombo, Smart Watches & Fitness Bands"
Mazda 2 Front Buffer,"Rs 12,340","Gampaha, Auto Parts & Accessories"
Meat Mincer 8 Inch Commercial,"Rs 47,680","Colombo, Industry Tools & Machinery"
Hero Pleasure 2009,"Rs 195,000","Kalutara, Motorbikes"
Office Space for Rent - Colombo 5 (EM392),"Rs 850,000 /month","Colombo, Commercial Property Rentals"
Singer microwave oven 20L Capacity,"Rs 21,900","Colombo, Other Electronics"
Air Cooler 25 L GDS-820,"Rs 28,500","Colombo, Air Conditions & Electrical fittings"
Xiaomi Redmi Note 11R 8GB 256GB (Used),"Rs 19,950","Colombo, Mobile Phones"
COOKER HOOD SMALL,"Rs 28,890","Colombo, Kitchen items"
Industrial Meat Mincer 220KGH,"Rs 169,500","Gampaha, Industry Tools & Machinery"
à¶à¶½à·à¶à·à¶§à¶´à·à¶» à¶´à·à·,"Rs 7,000","Puttalam, Crops, Seeds & Plants"
Double Bed 6ft /4ft,"Rs 14,500","Colombo, Furniture"
Samsung 25W Original Doc,"Rs 4,999","Kandy, Mobile Phone Accessories"
SILVER RING 5g800mg,"Rs 4,525","Colombo, Jewellery"
Jump Starter power bank 12v 2000A for car/van/jeep /lorry - new,"Rs 19,500","Colombo, Industry Tools & Machinery"
Vivo Y19 8GB 256GB (Used),"Rs 16,500","Colombo, Mobile Phones"
9/14 Seater AC Van for Hire,,"Colombo, Auto Services"
Apple iPhone 11 Full Set Box (Used),"Rs 68,000","Colombo, Mobile Phones"
Double Bed 6ft /4ft,"Rs 14,500","Colombo, Furniture"
Samsung 25W Original Doc,"Rs 4,999","Kandy, Mobile Phone Accessories"
SILVER RING 5g800mg,"Rs 4,525","Colombo, Jewellery"
Jump Starter power bank 12v 2000A for car/van/jeep /lorry - new,"Rs 19,500","Colombo, Industry Tools & Machinery"
Vivo Y19 8GB 256GB (Used),"Rs 16,500","Colombo, Mobile Phones"
9/14 Seater AC Van for Hire,,"Colombo, Auto Services"
Apple iPhone 11 Full Set Box (Used),"Rs 68,000","Colombo, Mobile Phones"
Mercedes Benz GLB Premium 2025,"Rs 36,000,000","Colombo, Cars"
Apple 20w Original Doc,"Rs 7,999","Kandy, Mobile Phone Accessories"
Multi Meter Clamp Industrial 10in1 Ac/dc Voltage\current Tester,"Rs 25,500","Colombo, Industry Tools & Machinery"
Wagon R 44s Alloy Wheels,"Rs 15,000","Gampaha, Auto Parts & Accessories"
Hero Hunk 2026,"Rs 455,000","Colombo, Motorbikes"
E-tel A8 Dual Sim (Brand New),"Rs 2,990","Colombo, Mobile Phones"
Fully Furnished Villa house rent in Kandana,"Rs 200,000 /month","Gampaha, House Rentals"
Container Box Fabrication Work - Kadawatha,,"Gampaha, Trade Services"
Vivo Y85 6GB|128GB (Used),"Rs 11,990","Colombo, Mobile Phones"
Furniture Items Set,"Rs 25,000","Colombo, Furniture"
Steel Cupboard 6ft /4ft,"Rs 21,000","Colombo, Furniture"
Hp Elite X2,"Rs 125,000","Colombo, Computers & Tablets"
Loncin Super Cub 2010,"Rs 105,000","Gampaha, Motorbikes"
"Honda Vezel Gp5, Grace Clutch Pump","Rs 50,000","Gampaha, Auto Parts & Accessories"
Toyota Ch-R Body Kit,"Rs 120,000","Gampaha, Auto Parts & Accessories"
Apple iPhone 14 256 GB (Used),"Rs 126,000","Colombo, Mobile Phones"
Toyota Land Cruiser Sahara ZX 60th Anniversary 2011,"Rs 35,000,000","Gampaha, Cars"
Bajaj Pulsar N160 2026,"Rs 462,000","Gampaha, Motorbikes"
Apple iPhone 17 Pro Max (Used),"Rs 435,000","Puttalam, Mobile Phones"
Gear Motor Rpm 10 - 20 Rmp 12-24v 10kg / High Torque self-locking,"Rs 5,500","Colombo, Industry Tools & Machinery"
Kinetic Stryker 125 2011,"Rs 98,000","Gampaha, Motorbikes"
Canopy Tent,"Rs 27,500","Gampaha, Garden"
2 Storey Completed House Rent in Ja Ela,"Rs 105,000 /month","Gampaha, House Rentals"
Hero XOOM 125R 2026,"Rs 389,000","Colombo, Motorbikes"
Land for Sale in Yakkala,"Rs 170,000 per perch","Gampaha, Land For Sale"
Daihatsu Mira LA300 Front Right Hub Disk Caliper,"Rs 20,000","Colombo, Auto Parts & Accessories"
Toyota Liteace 1994,"Rs 2,780,000","Kalutara, Vans"
Earldom C + L Wireless Apple Watch Charger,"Rs 3,500","Kandy, Mobile Phone Accessories"
Honda Dio 2017,"Rs 525,000","Kurunegala, Motorbikes"
TVS Raider 125 2024,"Rs 230,000","Gampaha, Motorbikes"
"House in Yakkala, Gampaha M 09","Rs 29,700,000","Gampaha, Houses For Sale"
Honda Vezel Dual Clutch,"Rs 260,000","Gampaha, Auto Parts & Accessories"
Vivo Y17 8GB 256GB j. (Used),"Rs 13,500","Colombo, Mobile Phones"
Audi A3 Sun Roof S Line 2024,"Rs 18,500,000","Colombo, Cars"
"Table And Bench 6ft *15"" mahogani","Rs 8,050","Colombo, Furniture"
Mitsubishi 4DR 1980,"Rs 5,700,000","Gampaha, Cars"
Air Pump Fast Inflating 230v 50w for Swimming Pools new,"Rs 3,800","Colombo, Other Home Items"
Two Houses in a One Building each 3BR and 2 Bath with Construction,"Rs 15,100,000","Colombo, Trade Services"
Valuble Lands for Sale in Giriulla - M08,"Rs 155,000 per perch","Gampaha, Land For Sale"
Apple iPhone 17 Pro Max 256GB Sim (Brand New),"Rs 505,000","Colombo, Mobile Phones"
Softlogic X333 Dual Sim (Brand New),"Rs 7,490","Colombo, Mobile Phones"
Google Pixel 7 Pro 128 GB (Used),"Rs 96,500","Colombo, Mobile Phones"
Valuble Land in Aththanagalla Pasyala Road M07,"Rs 297,500 per perch","Gampaha, Land For Sale"
Bajaj RE 1998,"Rs 465,000","Gampaha, Three Wheelers"
Developed Land for Sale in Giriulla - M 06,"Rs 155,000 per perch","Colombo, Land For Sale"
Bajaj Pulsar NS200 2026,"Rs 515,000","Gampaha, Motorbikes"
Showroom Manager,"Rs 40,000 - 70,000","Colombo, Retail and Showroom"
Prodo Barista-Black Chair,"Rs 6,790","Colombo, Furniture"
Vivo Y93 6GB|128GB v (Used),"Rs 11,490","Colombo, Mobile Phones"
Kids Bicycle Size 12,"Rs 13,500","Colombo, Bicycles"
0.75HP 4-inch Deep Well Submersible Pump Herman PT 0233,"Rs 43,480","Colombo, Industry Tools & Machinery"
Bajaj CT100 2006,"Rs 235,000","Kalutara, Motorbikes"
Lexus LS500h Executive Lounge 2023,"Rs 125,000,000","Colombo, Cars"
Infinix Hot 50i (Used),"Rs 40,000","Matale, Mobile Phones"
Well Developed Residential Land for Sale in Pasyala M05,"Rs 297,500 per perch","Colombo, Land For Sale"
Prodo Barista White Chair,"Rs 6,790","Colombo, Furniture"
Wash Gun 48v Rechargeable Cordless High Pressure 145 PSI ( 2 x Battery ),"Rs 8,500","Colombo, Other Hobby, Sport & Kids Items"
Yamaha R15 V3 2020,"Rs 700,000","Jaffna, Motorbikes"
Daihatsu Taft Venture 2025,"Rs 8,450,000","Colombo, Cars"
à¶à¶¯à·à¶ºà¶¸à· à¶½à¶¶à¶± à·à¶»à·à·à·à¶» à¶´à·à¶½à· à¶à¶©à¶¸à¶à· à·à·à¶à·à¶«à·à¶¸à¶§,"Rs 9,000,000 total price","Gampaha, Land For Sale"
Apple iPhone 17 258GB (Brand New),"Rs 294,999","Colombo, Mobile Phones"
FULL SET HP PRODESK 600 G3 I5 6TH GEN 8GB RAM 500GB HDD USED PC (SFF),"Rs 54,990","Colombo, Computers & Tablets"
PS4 500gb,"Rs 55,000","Colombo, Video Games & Consoles"
Bajaj Boxer 2007,"Rs 200,000","Matale, Motorbikes"
Samsung Galaxy S25 Ultra 256 GB (Used),"Rs 249,500","Colombo, Mobile Phones"
Formal Shoes,"Rs 8,500","Colombo, Shoes & Footwear"
Bajaj Pulsar NS200 2026,"Rs 515,000","Gampaha, Motorbikes"
"IMAX JAPAN 43"" FHD Smart Android 14 TV +4K Support","Rs 74,990","Colombo, TVs"
"IMAX JAPAN 43"" FHD Smart Android 14 TV +4K Support","Rs 74,990","Colombo, TVs"
Steel Bed,"Rs 15,500","Colombo, Furniture"
Land with House for Sale Veyangoda,"Rs 600,000 per perch","Gampaha, Land For Sale"
Microwave Oven,"Rs 18,500","Gampaha, Electronic Home Appliances"
apartment for rent dhiwala,"Rs 210,000 /month","Colombo, Apartment Rentals"
Prodo Astra Office Chair,"Rs 15,990","Colombo, Furniture"
Apple iPhone 13 128GB (Used),"Rs 96,999","Colombo, Mobile Phones"
Prodo Aqua Pro Office Chair,"Rs 13,990","Colombo, Furniture"
Rent a Car - Toyota Prado 120 2012,"Rs 15,250","Colombo, Rentals"
Hp Pavilion,"Rs 127,000","Colombo, Computers & Tablets"
Four Function Electric Hospital Beds,"Rs 250,000","Badulla, Healthcare, Medical Equipment & Supplies"
Apple iPhone 14 Pro (Used),"Rs 180,000","Gampaha, Mobile Phones"
Google 30W Original Doc,"Rs 6,500","Kandy, Mobile Phone Accessories"
Patient Three Function Manual Hospital Beds,"Rs 175,000","Galle, Healthcare, Medical Equipment & Supplies"
Apple iPhone 14 Pro Max (Used),"Rs 135,000","Kandy, Mobile Phones"
Air Mattresses,"Rs 11,000","Colombo, Healthcare, Medical Equipment & Supplies"
Samsung Galaxy S23 Ultra 256GB (Used),"Rs 125,000","Galle, Mobile Phones"
Patient Four Function Electric Hospital Beds,"Rs 285,000","Colombo, Healthcare, Medical Equipment & Supplies"
Gtx 970 4Gb VGA Cards,"Rs 23,000","Colombo, Computer Accessories"
New 4 Burner EUROMAX Stanless Steel Gas Cooker Hob,"Rs 25,990","Colombo, Electronic Home Appliances"
Honda Super Club 2006,"Rs 375,000","Jaffna, Motorbikes"
Full Option Commode Wheelchairs,"Rs 48,500","Colombo, Healthcare, Medical Equipment & Supplies"
4 Bedroom House for Rent - Battaramulla (EM391),"Rs 450,000 /month","Colombo, House Rentals"
3 BR Private Apartment for Rent in Nawala - PDA401,"Rs 250,000 /month","Colombo, Apartment Rentals"
Honda Activa 2013,"Rs 370,000","Kurunegala, Motorbikes"
3 BR Private Apartment for Rent in Nawala - PDA401,"Rs 250,000 /month","Colombo, Apartment Rentals"
Honda Activa 2013,"Rs 370,000","Kurunegala, Motorbikes"
Rent a Car - Toyota Prius 2011,"Rs 6,850","Colombo, Rentals"
Yamaha Ray ZR 2018,"Rs 435,000","Kandy, Motorbikes"
Patient Wheelchairs,"Rs 45,000","Colombo, Healthcare, Medical Equipment & Supplies"
Honda Fit Shuttle GP2 Navy Premium 2014,"Rs 9,390,000","Kalutara, Cars"
"New 72""x36""x16"" (6x3) Size Steel Open Rack Finishing","Rs 15,500","Colombo, Furniture"
Xiaomi Redmi Note 11R 5G 8GB | 256GB (Used),"Rs 22,000","Colombo, Mobile Phones"
Apple iPhone 14 Plus 128GB (Used),"Rs 125,000","Colombo, Mobile Phones"
Brand New Bench Dumbbell Squat Weight Plate Loaded,"Rs 14,900","Colombo, Sports & Fitness"
Mercedes Benz GLB 180 premium plus AMG 2025,"Rs 35,900,000","Colombo, Cars"
Used Air Conditioner 12000 BTU,"Rs 120,000","Colombo, Air Conditions & Electrical fittings"
Daihatsu Mira LA300 Front Hib Disk Set,"Rs 28,000","Colombo, Auto Parts & Accessories"
Rent A Car Suzuki Alto 800,"Rs 2,333","Colombo, Rentals"
SanDisk 64GB Extreme PRO UHS-I SDXC 200 MB/s Memory Card,"Rs 9,800","Colombo, Computer Accessories"
Side Mirror Winker Lights,"Rs 3,500","Gampaha, Auto Parts & Accessories"
Four Function Electric Hospital Beds,"Rs 250,000","Gampaha, Healthcare, Medical Equipment & Supplies"
Apple iPhone X 256GB (Used),"Rs 37,000","Colombo, Mobile Phones"
Patient Three Function Electric Hospital Bed,"Rs 175,000","Colombo, Healthcare, Medical Equipment & Supplies"
Xiaomi 55 Inch 4K QLED UHD HDR Smart TV,"Rs 164,990","Colombo, TVs"
Apple iPhone XR 128GB (Used),"Rs 55,000","Kandy, Mobile Phones"
Canon Pixma MG2570s Inkjet 3 in 1 Printer,"Rs 20,000","Kurunegala, Computer Accessories"
Anker Zolo 10000MAH PowerBank,"Rs 8,999","Kandy, Mobile Phone Accessories"
Land for sale in Anuradhapura,"Rs 950,000 per perch","Anuradhapura, Land For Sale"
Sony PS5 slim 1tb disc,"Rs 239,000","Colombo, Video Games & Consoles"
Suzuki Wagon R HYBRID ZX 2026,"Rs 9,275,000","Colombo, Cars"
17000 Sq.ft - Commercial Building for Sale CP44150 Kohuwala,"Rs 360,000,000","Colombo, Commercial Properties For Sale"
Kia Sportage 2012,"Rs 8,650,000","Colombo, Cars"
Damro 03 Item Cupboard Sale At Maharagama,"Rs 21,000","Colombo, Furniture"
Apple iPhone 15 Pro Max 256GB (Used),"Rs 225,500","Colombo, Mobile Phones"
Apple iPhone 15 256GB (Used),"Rs 149,000","Colombo, Mobile Phones"
Hero XOOM 125R EFI I3s Brand New 2026,"Rs 248,970","Colombo, Motorbikes"
House for Rent in Kelaniya,"Rs 250,000 /month","Gampaha, House Rentals"
Office Assistant - Kalutara Nagoda,,"Kalutara, Office Administration and Operations"
"TCL 55"" 4K QLED UHD Smart LED TV P8K","Rs 179,990","Colombo, TVs"
Apple iPhone 11 128GB (Used),"Rs 62,900","Colombo, Mobile Phones"
Mahindra Bolero Lorry Deck,"Rs 140,000","Gampaha, Auto Parts & Accessories"
TVS Sport 2026,"Rs 195,000","Colombo, Motorbikes"
Dell Latitude 5400 Core i5 8th Gen DDR4 8GB RAM 256 SSD-B Grade,"Rs 58,000","Colombo, Computers & Tablets"
Rossmax Sphygmomanometer BP Meter,"Rs 7,990","Gampaha, Healthcare, Medical Equipment & Supplies"
Construction Service,"Rs 5,000,000","Colombo, Trade Services"
"2 Bedroom, Single Storey House for Rent in Kaduwela","Rs 130,000 /month","Colombo, House Rentals"
SanDisk Ultra 64GB microSDXC UHS-I Memory Card,"Rs 5,800","Colombo, Computer Accessories"
Pulse Oximeter ðððð,"Rs 2,990","Colombo, Healthcare, Medical Equipment & Supplies"
Luxury 2 Bedroom Apartment for RENT â ON320 Residencies (EM104AF),"Rs 390,000 /month","Colombo, Apartment Rentals"
Demi Chef Cold Kitchen in Panadura,"Rs 85,000 - 100,000","Colombo, Chef"
X-Ray Film View Illuminator,"Rs 23,990","Colombo, Healthcare, Medical Equipment & Supplies"
Apple iPhone 12 mini 128GB (Used),"Rs 62,900","Colombo, Mobile Phones"
Commode Wheelchair Powder Corted Black Edition With Safety Belt,"Rs 35,000","Colombo, Healthcare, Medical Equipment & Supplies"
Vivo Y03 (Used),"Rs 24,000","Colombo, Mobile Phones"
Apple iPhone 13 Pro Max (Used),"Rs 125,000","Colombo, Mobile Phones"
sony xp700 portable sound system,"Rs 92,000","Colombo, Audio & MP3"
Apple iPhone 17 Pro Max (Used),"Rs 445,000","Colombo, Mobile Phones"
"Nippon Wall fan 16"" 65W","Rs 8,500","Colombo, Air Conditions & Electrical fittings"
Lumala Bicycle,"Rs 18,000","Batticaloa, Bicycles"
Samsung Galaxy S22 Ultra (Used),"Rs 105,000","Kandy, Mobile Phones"
JBL G04 ORIGINAL,"Rs 11,999","Kandy, Mobile Phone Accessories"
Prodo Matrix High Back Office Chair,"Rs 21,990","Colombo, Furniture"
"Single Story House With, 2 Bed Rooms and 1 Bathroom Construction","Rs 5,500,000","Colombo, Trade Services"
Malabe Thunadahena Road Easy Access to Kaduwela Highway Land,"Rs 1,325,000 per perch","Colombo, Land For Sale"
Walisara à¶¸à·à¶·à·à¶à·à¶±à· à·à¶§à·à¶±à· à¶à¶©à¶¸à¶à·,"Rs 8,900,000 total price","Gampaha, Land For Sale"
"Panadura Gorakana 10P Lands, Two more Land plots Available N38","Rs 1,025,000 per perch","Kalutara, Land For Sale"
New Piyestra Super Hybrid Mattress,"Rs 14,900","Colombo, Furniture"
5 Bedrooms Penthouse For Sale in Shangri La - PDA399,"Rs 1,240,000,000","Colombo, Apartments For Sale"
Apple iPhone 13 256 GB (Used),"Rs 168,000","Colombo, Mobile Phones"
Samsung Galaxy A05 (Used),"Rs 20,500","Kalutara, Mobile Phones"
Cockatiel Birds,"Rs 16,000","Ampara, Pets"
Mercedes Benz GLB 180 AMG Premium Plus 2025,"Rs 39,500,000","Colombo, Cars"
Toyota Premio G Superior 2011,"Rs 9,650,000","Colombo, Cars"
Toyota Taisor V Grade Highest Spec 2026,"Rs 11,850,000","Colombo, Cars"
Tube Well Construction - à¶à·à¶½à·à¶ºà·à¶´à·à¶§à·à¶º,,"Kurunegala, Trade Services"
Toyota Roomy Custom G / GT 2023,"Rs 9,500,000","Colombo, Cars"
Apple iPhone XS Max 256GB (Used),"Rs 72,500","Kandy, Mobile Phones"
Senaro GN 125 2024,"Rs 570,000","Gampaha, Motorbikes"
house for sale walpola,"Rs 3,900,000","Gampaha, Houses For Sale"
house for sale walpola,"Rs 3,900,000","Gampaha, Houses For Sale"
JBL GO3 ORIGINAL,"Rs 9,999","Kandy, Mobile Phone Accessories"
African Gray Parrot,"Rs 80,000","Kegalle, Pets"
Perodua Viva Elite Car For Rent,"Rs 3,660","Colombo, Rentals"
Daihatsu Terios 4 WD 2011,"Rs 7,150,000","Colombo, Cars"
HMD 105 Dual Sim (Brand New),"Rs 6,190","Colombo, Mobile Phones"
Honda Vezel Z Grade 2024,"Rs 17,450,000","Colombo, Cars"
Apple iPhone 16 Pro Max (Used),"Rs 370,000","Batticaloa, Mobile Phones"
Gas-Cooker Soda Maker Machine,"Rs 19,990","Colombo, Industry Tools & Machinery"
Baby Coat,"Rs 15,000","Gampaha, Children's Items"
"New IMAX 50"" 4K UHD Smart Android 14 TV","Rs 119,990","Colombo, TVs"
"Saikon Stand Fan 16"" (SKFS-1566)","Rs 6,900","Gampaha, Air Conditions & Electrical fittings"
Google Pixel 5 (Used),"Rs 34,000","Ratnapura, Mobile Phones"
"Two Story House With, 4 Bed Rooms and 2 Bathroom Construction","Rs 9,350,000","Colombo, Trade Services"
Hero Pleasure 2014,"Rs 275,000","Monaragala, Motorbikes"
Panadura Hirana Recidencial Land for Sale N38,"Rs 575,000 per perch","Kalutara, Land For Sale"
à·à·à¶ºà¶¹à¶½à·à¶´à· à·à¶à¶¯à·à¶ºà¶§ à¶à·à¶±à·à¶±à· à¶´à·âà¶»à¶°à·à¶± à¶¸à·à¶»à·à¶à¶ºà·à¶±à· à¶¯à·à·à¶±à· à¶à¶©à¶¸,"Rs 1,000,000 per perch","Gampaha, Land For Sale"
Ss Cricket Bat,"Rs 27,500","Gampaha, Sports & Fitness"
Divan Bed #12,"Rs 42,000","Colombo, Furniture"
Nokia 105 4G (Brand New),"Rs 3,000","Anuradhapura, Mobile Phones"
Apple iPhone 17 Pro Max 512 GB (Brand New),"Rs 539,000","Colombo, Mobile Phones"
BASEUS 100W Cafule Series 2M Type-C PD 2.0 5A Flash Charge Cable,"Rs 2,500","Colombo, Mobile Phone Accessories"
Toyota Hilux Revo 2.8 double cab 2025,"Rs 25,800,000","Colombo, Cars"
Toyota CHR For Rent ( with full tank petrol ),"Rs 10,333","Colombo, Rentals"
Suzuki Wagon R car Rent Jaffna,"Rs 8,000","Jaffna, Rentals"
Suzuki Wagon R car Rent Jaffna,"Rs 8,000","Jaffna, Rentals"
Worlde P-49 Pro Keyboard,"Rs 35,000","Kalutara, Musical Instruments"
2 Story 4-bed 3-bath Unfurnished House For Rent In Pelawatte - EH406,"Rs 270,000 /month","Colombo, House Rentals"
1HP 4-inch stainless steel submersible deep well pump Herman PT 0232,"Rs 49,250","Colombo, Industry Tools & Machinery"
Pomeranian Puppies,"Rs 18,500","Trincomalee, Pets"
Kolav F1804,"Rs 69,500","Polonnaruwa, Audio & MP3"
Bajaj Pulsar 150 2019,"Rs 515,000","Kandy, Motorbikes"
Sony WH CH520 Genuine Headphones,"Rs 10,000","Colombo, Audio & MP3"
Nokia 108 Dual Sim (Brand New),"Rs 7,400","Colombo, Mobile Phones"
Bajaj Pulsar NS200 2018,"Rs 835,000","Batticaloa, Motorbikes"
Samsung Galaxy A05 (Used),"Rs 16,000","Matale, Mobile Phones"
Bajaj Pulsar 150 2014,"Rs 445,000","Trincomalee, Motorbikes"
Apple iPhone 6 (Used) for Parts,"Rs 1,000","Ratnapura, Mobile Spare Parts"
Bajaj Pulsar 150 2018,"Rs 590,000","Jaffna, Motorbikes"
National Air Fryer 16 L,"Rs 10,000","Gampaha, Electronic Home Appliances"
Apple iPhone 14 Pro Max 256 GB (Used),"Rs 262,500","Colombo, Mobile Phones"
New Melamine 3 Door Cupboard Wardrobe 6*4 Ft,"Rs 37,500","Colombo, Furniture"
Vivo Y19 8GB 256Gb (Used),"Rs 17,999","Kalutara, Mobile Phones"
New Melamine 4*2 Ft White / Black Colour Table Cupboard,"Rs 17,000","Colombo, Furniture"
Tube Well Service - Athurugiriya,,"Colombo, Trade Services"
Two-Storey House for Rent Malabe,"Rs 120,000 /month","Colombo, House Rentals"
Samsung Galaxy A55 5G (Used),"Rs 70,000","Colombo, Mobile Phones"
"New Teak Box Type Bed 72"" X 60"" Queen Size ( 6 5 ) Ft Triple S","Rs 30,500","Colombo, Furniture"
Apple iPhone X (Used),"Rs 30,000","Trincomalee, Mobile Phones"
Nokia 105 Dual Sim (Brand New),"Rs 6,800","Colombo, Mobile Phones"
Yamaha CG - 120 A Japan Classic Guitar,"Rs 30,000","Kandy, Musical Instruments"
Nissan Leaf Parts,"Rs 12,340","Gampaha, Auto Parts & Accessories"
Sofa Set,"Rs 27,000","Colombo, Furniture"
Vivo Y93 6GB. 128GB (Used),"Rs 13,500","Kalutara, Mobile Phones"
Kieselect Lora ladies,"Rs 8,999","Kandy, Smart Watches & Fitness Bands"
Admin/ Data Entry (Female),"Rs 35,000 - 40,000","Gampaha, Office Administration and Operations"
"Brand New Modern House For Sale in Lake Road, Pelawatta - EH405","Rs 64,000,000","Colombo, Houses For Sale"
à¶±à·à·à¶±à¶­à¶¸ à¶­à¶±à·à¶¸à·à¶½à· à¶±à·à·à· à·à·à¶à·à¶«à·à¶¸à¶§ Piliyandala Bandaragama road,"Rs 23,000,000","Colombo, Houses For Sale"
3 Rooms 2 Storey house rent in Negombo,"Rs 65,000 /month","Gampaha, House Rentals"
LG Refrigerator,"Rs 23,000","Matara, Electronic Home Appliances"
Peaceful Environment land for sale in Malabe â Thunadahena Junction,"Rs 1,175,000 per perch","Colombo, Land For Sale"
Apple iPhone XS 256GB (Used),"Rs 59,999","Colombo, Mobile Phones"
à·à·à¶»à¶« à¶´à·à¶½à·à¶à·à·à¶à·à·à¶§ 120 à¶¶à·à· à¶´à·à¶»à¶§ à¶à·à·à¶¯à·à¶± à¶¯à·à¶»à·à¶±à· à¶´à¶¯à·à¶à¶ à·à¶ºà¶§ à¶¶à·à¶¸à· à¶à·à¶§à·à·,"Rs 925,000 per perch","Colombo, Land For Sale"
LED Flood Light,"Rs 80,000","Batticaloa, Other Electronics"
"Xiaomi Redmi 10A 4+1GB,64GB (Used)","Rs 20,000","Colombo, Mobile Phones"
New Teak Arch Bed,"Rs 18,800","Colombo, Furniture"
House for Sale in Matara Fort,"Rs 85,000,000","Matara, Houses For Sale"
LITO TRUE WIRELESS EARBUDS ANC,"Rs 7,900","Colombo, Other Electronics"
Land Near Matara Galle Road for Sale,"Rs 2,750,000 per perch","Matara, Land For Sale"
à¶´à·à¶»à¶§ à¶à·à·à¶¯à·à¶± à¶¯à·à¶»à·à¶±à· à¶¶à·à¶¸à· à¶à·à¶§à·à· à·à¶¸à¶à· à¶¸à·à·à¶­ - à¶´à·à¶½à·à¶à·à·à¶à·à·à¶§ 120 à¶¶à·à·,"Rs 5,100,000 total price","Colombo, Land For Sale"
Infinix Hot 40i (Used),"Rs 28,000","Kurunegala, Mobile Phones"
INNOVEX pressure washer - IPW003,"Rs 18,705","Colombo, Electronic Home Appliances"
à¶±à·à¶¯à·à·à· à·à¶§à¶´à·à¶§à·à·à¶ à·à·à¶½à· à¶ºà·à¶ºà¶à¶§ à¶¸à·à·à·à¶«à¶½à· à¶´à·à¶½à·à¶à·à·à¶à·à·à¶§ à·à¶¸à¶à· à¶¸à·à·à¶­ à¶¶à·à¶¸à· à¶à·à¶§à·à·,"Rs 850,000 per perch","Colombo, Land For Sale"
Singer 32-inch LED TV,"Rs 30,000","Jaffna, TVs"
white pantry cupboard (H-23),"Rs 16,900","Colombo, Furniture"
Samsung Galaxy M02s (Used),"Rs 11,000","Colombo, Mobile Phones"
3 Burner Lip,"Rs 3,850","Kandy, Kitchen items"
LITO LE11 PRO ANC,"Rs 11,500","Colombo, Other Electronics"
TVS King 2014,"Rs 900,000","Ampara, Three Wheelers"
70mai RC11 Rear Camera,"Rs 9,800","Colombo, Auto Parts & Accessories"
Persian Cat,"Rs 40,000","Colombo, Pets"
Apple iPhone 15 256GB (Used),"Rs 157,500","Kandy, Mobile Phones"
Office Chair,"Rs 15,000","Galle, Furniture"
Anker Life U2i,"Rs 4,999","Kandy, Mobile Phone Accessories"
Desktop Full set PC,"Rs 14,500","Kurunegala, Computers & Tablets"
Elders Home,"Rs 45,000","Jaffna, Domestic Services"
6 by 4 divan bed with mattress (G-23),"Rs 92,000","Colombo, Furniture"
Toyota Roomy G Grade 2023,"Rs 8,700,000","Colombo, Cars"
Tube Well Service - Galle,,"Galle, Trade Services"
Toyota Allion 2011,"Rs 9,000,000","Matara, Cars"
FM Stereo Tuner,"Rs 14,000","Kegalle, Audio & MP3"
Victoria Arduino Eagle One Espresso Machine,"Rs 3,000,000","Matara, Industry Tools & Machinery"
Audi A6 F/LOADED SUNROOF 2007,"Rs 8,675,000","Colombo, Cars"
Persian Cat,"Rs 38,000","Trincomalee, Pets"
Apple iPhone XR (Used),"Rs 12,000","Kalutara, Mobile Phones"
Sony A6000 Body,"Rs 99,999","Gampaha, Cameras & Camcorders"
Honda Civic 2019,"Rs 13,000,000","Colombo, Cars"
Gym Equipment Set,"Rs 45,000","Gampaha, Sports & Fitness"
100mm x 150mm T/T 1UPS 500 PCS - Barcode Label Roll,"Rs 2,269","Colombo, Office Equipment, Supplies & Stationery"
Brahman Chicks,"Rs 3,500","Colombo, Farm Animals"
Brahman Chicks,"Rs 3,500","Colombo, Farm Animals"
Samsung Galaxy A16 5G (Used),"Rs 33,000","Kegalle, Mobile Phones"
SINGER HOT WATER SHOWER ( with pump),"Rs 38,900","Colombo, Electronic Home Appliances"
Sisil Fridge,"Rs 14,500","Colombo, Electronic Home Appliances"
Samsung Galaxy A21s 64GB (Used),"Rs 25,000","Trincomalee, Mobile Phones"
Elder care and Housemaid services.,Rs 0,"Colombo, Domestic Services"
Lenovo LOQ RYZEN 5 220 / DDR5 16GB RAM 512GB NVME RTX5050 8GB VGA,"Rs 335,000","Colombo, Computers & Tablets"
Samsung Galaxy S7 (Used),"Rs 6,000","Kalutara, Mobile Phones"
Honda Dio 110 2026,"Rs 700,000","Vavuniya, Motorbikes"
Bajaj RE 2011,"Rs 1,300,000","Monaragala, Three Wheelers"
Apple iPhone 12 Pro 128GB (Used),"Rs 110,000","Colombo, Mobile Phones"
2 BR Apartment for Rent in Colombo 7 - PDA398,"Rs 500,000 /month","Colombo, Apartment Rentals"
"1.5HP, 4-inch deep well submersible pump Herman PT 0231","Rs 57,620","Colombo, Industry Tools & Machinery"
BTS Jungkook Exclusive set,"Rs 8,700","Colombo, Art & Collectibles"
Bicycle,"Rs 12,000","Kurunegala, Bicycles"
Honda PCX160 pcx 2025,"Rs 1,775,000","Colombo, Motorbikes"
à¶¢à·-à¶à¶½ à¶±à¶à¶»à¶ºà¶§ à¶à¶­à· à¶à·à¶±à·à¶±à¶ºà·à¶±à· à¶´à·à·à·à¶§à· à¶à¶à¶±à· à¶¯à·à¶¸à·à¶½à· à¶±à·à·à·à¶à· à·à·à¶à·à¶«à·à¶¸à¶§.,"Rs 21,500,000","Gampaha, Houses For Sale"
Toyota Aqua G Grade 2014,"Rs 7,475,000","Colombo, Cars"
Industrial Fan,"Rs 22,000","Colombo, Industry Tools & Machinery"
Nissan AD Wagon VY 11 2002,"Rs 3,380,000","Gampaha, Cars"
Baby Go Cart,"Rs 17,000","Colombo, Children's Items"
Modern 5 Bedrooms Unfurnished House For Sale in Pannipitiya -EH404,"Rs 50,000,000","Colombo, Houses For Sale"
Honda ZRV Z Premium 2024,"Rs 22,300,000","Colombo, Cars"
Camera DJI action 5 Pro,"Rs 180,000","Matara, Cameras & Camcorders"
Samsung Galaxy S10 Plus 5G (Used),"Rs 50,000","Gampaha, Mobile Phones"
Apple iPhone 15 128GB GENXT (Brand New),"Rs 227,900","Gampaha, Mobile Phones"
Apple iPhone X 256GB (Used),"Rs 48,000","Colombo, Mobile Phones"
Honda Super Cub 1992,"Rs 145,000","Trincomalee, Motorbikes"
Commode Wheelchair Fiber Seat With Cushion,"Rs 33,500","Colombo, Healthcare, Medical Equipment & Supplies"
Suzuki Wagon R HYBRID ZX 2026,"Rs 9,275,000","Colombo, Cars"
17000 Sq.ft - Commercial Building for Sale CP44150 Kohuwala,"Rs 360,000,000","Colombo, Commercial Properties For Sale"
Kia Sportage 2012,"Rs 8,650,000","Colombo, Cars"
Damro 03 Item Cupboard Sale At Maharagama,"Rs 21,000","Colombo, Furniture"
Apple iPhone 15 Pro Max 256GB (Used),"Rs 225,500","Colombo, Mobile Phones"
Apple iPhone 15 256GB (Used),"Rs 149,000","Colombo, Mobile Phones"
Hero XOOM 125R EFI I3s Brand New 2026,"Rs 248,970","Colombo, Motorbikes"
House for Rent in Kelaniya,"Rs 250,000 /month","Gampaha, House Rentals"
Office Assistant - Kalutara Nagoda,,"Kalutara, Office Administration and Operations"
"TCL 55"" 4K QLED UHD Smart LED TV P8K","Rs 179,990","Colombo, TVs"
Apple iPhone 11 128GB (Used),"Rs 62,900","Colombo, Mobile Phones"
Mahindra Bolero Lorry Deck,"Rs 140,000","Gampaha, Auto Parts & Accessories"
TVS Sport 2026,"Rs 195,000","Colombo, Motorbikes"
Dell Latitude 5400 Core i5 8th Gen DDR4 8GB RAM 256 SSD-B Grade,"Rs 58,000","Colombo, Computers & Tablets"
Rossmax Sphygmomanometer BP Meter,"Rs 7,990","Gampaha, Healthcare, Medical Equipment & Supplies"
Construction Service,"Rs 5,000,000","Colombo, Trade Services"
"2 Bedroom, Single Storey House for Rent in Kaduwela","Rs 130,000 /month","Colombo, House Rentals"
SanDisk Ultra 64GB microSDXC UHS-I Memory Card,"Rs 5,800","Colombo, Computer Accessories"
Pulse Oximeter ðððð,"Rs 2,990","Colombo, Healthcare, Medical Equipment & Supplies"
Luxury 2 Bedroom Apartment for RENT â ON320 Residencies (EM104AF),"Rs 390,000 /month","Colombo, Apartment Rentals"
Demi Chef Cold Kitchen in Panadura,"Rs 85,000 - 100,000","Colombo, Chef"
2GB|4GB|8GB| DDR3|DDR4 Desktop Ram,"Rs 1,750","Colombo, Computer Accessories"
Huawei MatePad 8GB|128GB (NEW),"Rs 90,000","Colombo, Computers & Tablets"
Tata Indica 2004,"Rs 1,790,000","Kalutara, Cars"
Ford Raptor Ranger Bi Turbo 2019,"Rs 21,800,000","Colombo, Cars"
BMW i7 xDrive60 M Sport 2023,"Rs 102,000,000","Colombo, Cars"
Honda Step Wagon Spada Premium Line 2024,"Rs 24,500,000","Kandy, Cars"
Honda Vezel RS 2026,"Rs 19,600,000","Matara, Cars"
Refrigerator,"Rs 50,000","Colombo, Electronic Home Appliances"
Apple iPhone 14 Pro 256GB (Used),"Rs 185,000","Kandy, Mobile Phones"
Hyundai Grand I10 Head Lamp,"Rs 12,340","Gampaha, Auto Parts & Accessories"
Sony Amplifire,"Rs 17,500","Jaffna, Audio & MP3"
Damro Plastic Table Used,"Rs 5,500","Colombo, Furniture"
Bajaj Pulsar NS200 2026,"Rs 515,000","Gampaha, Motorbikes"
Bajaj Discover 2009,"Rs 450,000","Kalutara, Motorbikes"
Yamhaa Power Mixer,"Rs 20,000","Badulla, Musical Instruments"
70mai DashCam M300,"Rs 17,800","Colombo, Auto Parts & Accessories"
3 BR Apartment Rent in Colombo 8 - PDA397,"Rs 200,000 /month","Colombo, Apartment Rentals"
Toyota Land Cruiser Prado TX-L 7 SEATER 2023,"Rs 53,000,000","Gampaha, Cars"
Kids Bicycle,"Rs 7,000","Colombo, Bicycles"
"Single Story Beautiful House for Sale in Madagama, Bandaragama - EH402","Rs 19,000,000","Kalutara, Houses For Sale"
Apple iPhone 13 128GB (Used),"Rs 95,999","Colombo, Mobile Phones"
Google Pixel 7 Pro 12GB 128GB (Used),"Rs 81,990","Colombo, Mobile Phones"
30mm x 20mm D/T 1UPS 1000 PCS - Label Roll,Rs 546,"Colombo, Office Equipment, Supplies & Stationery"
"Ja Ela Kotugoda, Safe Area for Living","Rs 390,000 per perch","Gampaha, Land For Sale"
"Single Story House With, 2 Bed Rooms 1 Bathroom Construction","Rs 4,400,000","Colombo, Trade Services"
Honda Vezel Z Grade 2025,"Rs 17,975,000","Kurunegala, Cars"
Kitchen Rack,"Rs 3,850","Kandy, Kitchen items"
Dell Core i7 -10th Nvidia 250MX 8GB Inspiron -5590 New Laptops,"Rs 136,000","Colombo, Computers & Tablets"
Valuable Land for Sale Colombo 10,"Rs 11,000,000 per perch","Colombo, Land For Sale"
Toyota Hilux Tail Lamp 2006,"Rs 25,000","Gampaha, Auto Parts & Accessories"
Sofa Set,"Rs 80,000","Colombo, Furniture"
Kaduwela Land for Sale,"Rs 1,800,000 per perch","Colombo, Land For Sale"
Mercedes Benz Car for Rent,Rs 100,"Gampaha, Rentals"
Honda Vezel for Rent,Rs 100,"Gampaha, Rentals"
Dell Latitude 5400 Core i5 \8th Gen\ 8GB RAM 256GB NVMe,"Rs 79,000","Colombo, Computers & Tablets"
Apple iPhone 17 Pro Max 256GB (Brand New),"Rs 470,000","Colombo, Mobile Phones"
Hero Pleasure 2011,"Rs 235,000","Matara, Motorbikes"
à¶à·à¶±à· à¶à·à¶à·à¶½à¶±à·,"Rs 5,000","Kalutara, Farm Animals"
Isuzu Elf 2016,"Rs 15,200,000","Kurunegala, Lorries & Trucks"
Bajaj RE Three Wheeler 2017,"Rs 145,000","Ratnapura, Three Wheelers"
brand new single story house for sale in kesbawa,"Rs 24,000,000","Colombo, Houses For Sale"
De Freezer Compressor,"Rs 4,800","Matale, Electronic Home Appliances"
Google Pixel 7 8GB 128GB (Used),"Rs 66,990","Colombo, Mobile Phones"
Samsung Galaxy S25 256GB 8GB RAM 5G (Brand New),"Rs 215,000","Kandy, Mobile Phones"
Tools Sets 6 Pcs in 1,"Rs 10,000","Colombo, Industry Tools & Machinery"
Toyota vitz ksp130 engine oil sump genuine,"Rs 58,000","Kalutara, Auto Parts & Accessories"
Suzuki Burgman 2019,"Rs 710,000","Kalutara, Motorbikes"
"Sound Rental, Power Up Your Party with the Sony Shake X70D!","Rs 8,000","Colombo, Events & Entertainment"
Apple iPhone 17 Pro 256GB SIM Version (Brand New),"Rs 475,000","Colombo, Mobile Phones"
Genuine Apple AirPods 2,"Rs 20,000","Colombo, Mobile Phone Accessories"
Genuine Apple AirPods 2,"Rs 20,000","Colombo, Mobile Phone Accessories"
Luxury Two-Story House for Rent in Thalawathugoda - EH401,"Rs 300,000 /month","Colombo, House Rentals"
Apple iPhone 17 Pro 256GB eSIM (Brand New),"Rs 439,000","Colombo, Mobile Phones"
HP Elitebook 640 G9 Core I5 12th Gen 16GB RAM 256GB NVME SSD Used Laptop,"Rs 122,000","Colombo, Computers & Tablets"
Hyundai Grand I10 Fog lights,"Rs 25,000","Gampaha, Auto Parts & Accessories"
3 BR Havelock City Apartment for Rent - PDA395,"Rs 480,000 /month","Colombo, Apartment Rentals"
Dell i3 8th Gen Laptop,"Rs 40,500","Colombo, Computers & Tablets"
Google Pixel 6 8GB 256GB (Used),"Rs 59,990","Colombo, Mobile Phones"
Hero Maestro Edge 2017,"Rs 80,000","Colombo, Motorbikes"
Suzuki Wagon R for Rent â Kottawa,"Rs 4,300","Colombo, Rentals"
Office Carpet Service,Rs 68,"Colombo, Trade Services"
Mercedes Benz C200 AMG Premium Plus 2023,"Rs 37,900,000","Colombo, Cars"
House with Land for Sale Navinna,"Rs 145,000,000","Colombo, Houses For Sale"
Rent a Car - Daihatsu Mira,"Rs 4,000","Colombo, Rentals"
Brand new Salon | Office Bar chair,"Rs 11,490","Colombo, Furniture"
ASUS Vivobook 16 V3607VU | RTX 4050 Core 5 16GB DDR5,"Rs 225,000","Colombo, Computers & Tablets"
Brand new Salon | Office Bar chair,"Rs 9,890","Colombo, Furniture"
Ford Raptor Ranger 2.0L Diesel 2020,"Rs 22,900,000","Colombo, Cars"
Suzuki Wagon R FX WagonR MH85 2024,"Rs 7,390,000","Colombo, Cars"
3 Storied House at Nugegoda,"Rs 165,000,000","Colombo, Houses For Sale"
Universal LED Tail Light 12V,Rs 300,"Gampaha, Auto Parts & Accessories"
Realme 12 Pro 5G 8GB 256GB (Used),"Rs 44,500","Colombo, Mobile Phones"
Apple iPhone 11 128GB (Used),"Rs 68,999","Colombo, Mobile Phones"
Housemaids Service ( Daily | Staying ),Rs 0,"Colombo, Domestic Services"
Apple MacBook Air 2020 i3,"Rs 130,000","Kandy, Computers & Tablets"
Attendant ( Male | Female ),Rs 0,"Colombo, Domestic Services"
3 storey house rent for residential or business purposes,"Rs 250,000 /month","Colombo, House Rentals"
Vivo Y29 (New),"Rs 62,999","Colombo, Mobile Phones"
Elder Care Service ( Male | Female ),Rs 0,"Colombo, Domestic Services"
Luxury Two-Storey House for Sale in Malabe (Pittugala) - EH400,"Rs 34,500,000 /month","Colombo, House Rentals"
Intel Core i3 Laptop,"Rs 35,000","Kalutara, Computers & Tablets"
Elder Care Service,Rs 0,"Colombo, Domestic Services"
Every DA17 Bonnet,"Rs 53,000","Kandy, Auto Parts & Accessories"
Apple iPhone 13 Pro 256GB (Used),"Rs 135,500","Kandy, Mobile Phones"
Elder Care Service,Rs 0,"Gampaha, Domestic Services"
Servants Service ( Daily / Staying ),Rs 0,"Colombo, Domestic Services"
Elder Care Services,Rs 0,"Kurunegala, Domestic Services"
Apple iPhone 11 128GB (Used),"Rs 69,999","Colombo, Mobile Phones"
Land for Sale in Athurugiriya Habarakada,"Rs 600,000 per perch","Colombo, Land For Sale"
Apple iPhone 11 128GB (Used),"Rs 69,999","Colombo, Mobile Phones"
House Sale Nugegoda - Closer to Jayawardenapura University,"Rs 42,000,000","Colombo, Houses For Sale"
38mm x 25mm T/T 2UPS 4000 PCS - Thermal Transfer Barcode Label Roll,"Rs 1,369","Colombo, Office Equipment, Supplies & Stationery"
Apple iPhone 11 128GB (Used),"Rs 64,999","Colombo, Mobile Phones"
Canterbury Golf 2 Storey House For Rent in Piliyandala - EH399,"Rs 170,000 /month","Colombo, House Rentals"
Apple iPhone 11 128GB (Used),"Rs 64,999","Colombo, Mobile Phones"
Daily and staying Housemaid services.,Rs 0,"Colombo, Domestic Services"
Vivo Y17 8/256GB (Used),"Rs 14,999","Colombo, Mobile Phones"
Vivo Y17 8/256GB (Used),"Rs 15,000","Colombo, Mobile Phones"
Sony 10 V 6GB 128GB (Used),"Rs 34,990","Colombo, Mobile Phones"
Land with House for Sale Maharagama,"Rs 2,500,000 per perch","Colombo, Land For Sale"
2 Storey House Rent in Negombo,"Rs 65,000 /month","Gampaha, House Rentals"
Land with House for Sale Maharagama,"Rs 2,500,000 per perch","Colombo, Land For Sale"
Apple iPhone XS 256GB (Used),"Rs 59,999","Colombo, Mobile Phones"
Vega Helmet,"Rs 10,000","Matara, Auto Parts & Accessories"
Private Apartment for Rent in Rajagiriya,"Rs 97,000 /month","Colombo, Apartment Rentals"
Honor X7C (New),"Rs 56,200","Colombo, Mobile Phones"
Prestigious House for Sale Piliyandala,"Rs 65,000,000","Colombo, Houses For Sale"
Apple iPhone XS 256GB (Used),"Rs 59,999","Colombo, Mobile Phones"
3 Story House For Sale in Battaramulla - EH398,"Rs 100,000,000","Colombo, Houses For Sale"
City Limit Land for Sale Maharagama,"Rs 2,500,000 per perch","Colombo, Land For Sale"
Bajaj Discover 125 2024,"Rs 650,000","Gampaha, Motorbikes"
Apple iPhone XS 256GB (Used),"Rs 59,999","Colombo, Mobile Phones"
Apple iPhone 13 128GB (Used),"Rs 99,999","Colombo, Mobile Phones"
Honda Vezel 2025 Z PLAY BRANDNEW,"Rs 20,500,000","Colombo, Cars"
Apple iPhone XS 256GB (Used),"Rs 59,999","Colombo, Mobile Phones"
TVS Wego 2020,"Rs 620,000","Jaffna, Motorbikes"
TVS Ntorq 125 XP 2025,"Rs 755,000","Matara, Motorbikes"
Vivo Y17 8/256GB (Used),"Rs 15,000","Colombo, Mobile Phones"
Samsung (Used),"Rs 44,000","Colombo, Mobile Phones"
brand new house for sale in piliyandala,"Rs 24,000,000","Colombo, Houses For Sale"
Luxury AC Bus for Hire | 24 to 51 Seater,Rs 130,"Colombo, Auto Services"
Samsung Galaxy A03s (Used),"Rs 15,000","Ampara, Mobile Phones"
MS Office Training Class,"Rs 1,000","Colombo, Vocational Institutes"
Sony Xperia 1 V 12GB 256GB eSIM (Used),"Rs 104,990","Colombo, Mobile Phones"
Bike Rider - Trincomalee,,"Trincomalee, Delivery Rider"
Vivo Y29T 5G (New),"Rs 57,700","Colombo, Mobile Phones"
House Movers 20 ft Lorry For Hire With Labours,Rs 195,"Gampaha, Auto Services"
Apple iPhone XS 256GB (Used),"Rs 59,999","Colombo, Mobile Phones"
Dell Latitude 5520 â Core I5 11th Gen / 8GB RAM 256GB NVME SSD,"Rs 99,990","Colombo, Computers & Tablets"
Vivo Y17 8/256GB (Used),"Rs 15,000","Colombo, Mobile Phones"
Affordable Land for Sale Colombo 5,"Rs 6,500,000 per perch","Colombo, Land For Sale"
Apple iPhone 11 Pro Max (Used),"Rs 79,000","Kandy, Mobile Phones"
Gold Lace Bantam,"Rs 4,000","Colombo, Farm Animals"
Toyota Corolla 110 1998,"Rs 3,975,000","Monaragala, Cars"
AC Bus for Hire | 21 to 34 Seats,Rs 70,"Colombo, Auto Services"
Adult Diaper,"Rs 1,500","Batticaloa, Grocery"
Honda Vezel Mugen Bodykit,"Rs 130,000","Colombo, Auto Parts & Accessories"
Hero Hunk 2008,"Rs 240,000","Colombo, Motorbikes"
Daily and staying Housemaid services.,Rs 0,"Colombo, Domestic Services"
Accountant,"Rs 40,000 - 70,000","Colombo, Accounting & Finance"
Bajaj CT100 2018,"Rs 150,000","Galle, Motorbikes"
à¶¶à¶«à·à¶©à·à¶»à¶à¶¸à¶­à· à¶à·à·à·à¶¶à·à·à¶­à· à¶à¶­à¶» à·à¶§à·à¶±à· à¶à¶©à¶¸à· à¶¶à·à¶¸à· à¶à·à¶§à·à·,"Rs 555,000 per perch","Kalutara, Land For Sale"
Bajaj Pulsar NS200 New 2026,"Rs 509,975","Gampaha, Motorbikes"
Brand New Single Storey House for Sale in Kandana,"Rs 13,500,000","Gampaha, Houses For Sale"
Jaela Ekala Main Road Facing 45 Perches Land For sale,"Rs 3,800,000 per perch","Gampaha, Land For Sale"
Realme C11 (Used),"Rs 11,500","Kandy, Mobile Phones"
Sony Xperia XZ2 Premium 6GB 64GB (Used),"Rs 24,990","Colombo, Mobile Phones"
Apple iPhone 11 Pro 256GB (Used),"Rs 79,500","Kandy, Mobile Phones"
à¶±à·à·à¶±à·à¶¯à¶¸ à¶¶à·à· à¶´à·à¶»à¶§ à¶¸à·à¶§à¶»à· 800à¶ à¶¯à·à¶»à·à¶±à· à¶±à·à·à·à¶à· à·à·à¶à·à¶«à·à¶¸à¶§ à¶à¶­.,"Rs 13,200,000","Gampaha, Houses For Sale"
70mai Dash Camera A500s Pro Plus with RearCam & Hardware Kit,"Rs 34,800","Colombo, Auto Parts & Accessories"
à¶±à·à·à·à·à·à¶ à¶»à·à¶ºà¶¯à·à¶»à·,"Rs 60,000 - 80,000","Colombo, Driver"
Accounting and Tax Services,"Rs 25,000","Gampaha, Other Services"
Vehicle Head Light Washer,"Rs 10,000","Gampaha, Auto Parts & Accessories"
à¶ºà¶à·à¶à¶½à·à¶±à· à¶à·à·à¶¹ à¶±à·à·à¶» à¶´à·à¶»à¶§ à¶à·à¶±à·à¶±à¶ºà·à¶±à· à¶à¶à¶±à· à¶¶à·à¶¸à· à¶à·à¶§à·à·,"Rs 475,000 per perch","Gampaha, Land For Sale"
Single Story House For Rent in Battaramulla - EH397,"Rs 200,000 /month","Colombo, House Rentals"
Apple iPhone 15 128GB (Brand New),"Rs 204,999","Colombo, Mobile Phones"
Toyota Vitz F Grade 2018,"Rs 7,600,000","Polonnaruwa, Cars"
Apple iPhone 16 256GB Full Set (Used),"Rs 195,000","Colombo, Mobile Phones"
Sony Xperia XZ2 4GB 64GB (Used),"Rs 19,990","Colombo, Mobile Phones"
Toyota Raize 1200cc Hybrid 2026,"Rs 14,250,000","Gampaha, Cars"
Helmet Wireless Earphone 5.0,"Rs 4,500","Kandy, Mobile Phone Accessories"
Beautician - Hair and Beauty,"Rs 30,000 - 150,000","Colombo, Beauty & Hairdressing"
Apple iPhone 11 128GB (Black) (Used),"Rs 49,990","Colombo, Mobile Phones"
Samsung Galaxy S25 Ultra 5G 12GB | 512GB (Used),"Rs 259,999","Colombo, Mobile Phones"
Suzuki Alto Japan Car For Rent,"Rs 3,250","Colombo, Rentals"
Toyota Vitz-For rent,"Rs 5,500","Colombo, Rentals"
Rent A Car- Toyota Vios Automatic,"Rs 4,000","Colombo, Rentals"
7.5KW Bried Generator (Petrol),"Rs 240,000","Gampaha, Solar & Generators"
New 6x4 Size Steel Cupboard With Mirror Finishing à¶à¶½à·à¶¸à·à¶»à·,"Rs 24,500","Colombo, Furniture"
Suzuki Every 2020,"Rs 6,800,000","Polonnaruwa, Vans"
iqoo Z9x 5G 6GB 128GB (Used),"Rs 29,500","Colombo, Mobile Phones"
2 stairs house for sale ederamulla .wattala,"Rs 22,000,000","Gampaha, Houses For Sale"
Daily and staying Housemaid services.,Rs 0,"Galle, Domestic Services"
Housemaids Service,,"Colombo, Domestic Services"
beach facing land plot midigama,"Rs 2,500,000 per perch","Matara, Land For Sale"
Mitsubishi eK Wagon 2025,"Rs 7,390,000","Colombo, Cars"
Toyota Taisor RHS Tail Light â Genuine Brand New,"Rs 95,000","Gampaha, Auto Parts & Accessories"
Servants Service,,"Colombo, Domestic Services"
Toyota Raize Z Hybrid 360 camera 2025,"Rs 13,975,000","Colombo, Cars"
Apple iPhone XR Full Set Box (Used),"Rs 55,000","Colombo, Mobile Phones"
Servants Service ( Daily /Staying ),,"Colombo, Domestic Services"
House for Sale Kapuwatte,"Rs 100,000,000","Gampaha, Houses For Sale"
70mai A810S 4K Dash Camera,"Rs 44,800","Colombo, Auto Parts & Accessories"
Housemaids Services,,"Colombo, Domestic Services"
Mitsubishi Po5 /Po15 Differensel Bar Set For Sale in Battaramulla,"Rs 72,000","Colombo, Auto Parts & Accessories"
Yamaha Ray ZR DISC 2018,"Rs 435,000","Colombo, Motorbikes"
Brand New House for Sale in Kaduwela - EH396,"Rs 56,000,000","Colombo, Houses For Sale"
Anker R50I NC ORIGINAL,"Rs 4,850","Kandy, Mobile Phone Accessories"
Apple iPhone 6s for Parts,"Rs 5,500","Kalutara, Mobile Spare Parts"
Daily and staying Housemaid services.,Rs 0,"Kandy, Domestic Services"
Spotted Shoe Bantam,"Rs 4,000","Colombo, Farm Animals"
Huawei MatePad Air 8GB|256GB,"Rs 95,500","Colombo, Computers & Tablets"
TVS XL 100 2019,"Rs 185,000","Vavuniya, Motorbikes"
Daily and staying Housemaid services.,Rs 0,"Colombo, Domestic Services"
Xiaomi Redmi 13C 128GB (Used),"Rs 20,000","Kandy, Mobile Phones"
à¶à¶­à·à¶»à·à¶à·à¶»à·à¶ºà·à¶±à· à·à·à¶ºà¶½à· à¶´à·à·à·à¶à¶¸à· à·à·à·à¶­ à¶à¶©à¶¸à¶à·,"Rs 1,350,000 per perch","Colombo, Land For Sale"
Furniture Set,"Rs 200,000","Colombo, Furniture"
Daihatsu Taft G CHROME CRUISE CONT 2025,"Rs 8,190,000","Colombo, Cars"
RECEPTIONIST - Jaffna,,"Jaffna, Office Administration and Operations"
Two-Story Brand New House for Rent in Kaduwela - EH394,"Rs 250,000 /month","Colombo, House Rentals"
70mai Hardwire Kit UP04 4G Power Supply Adapter,"Rs 17,800","Colombo, Auto Parts & Accessories"
Apple iPhone 17 (Brand New),"Rs 320,000","Puttalam, Mobile Phones"
Daihatsu Mira ES G SA3 PUSH START 2024,"Rs 7,275,000","Kandy, Cars"
"Apartment for Rent in Cinnamon Life, Colombo 02","Rs 790,000 /month","Colombo, Apartment Rentals"
Realme 15T 256GB 7000mAh (Used),"Rs 54,500","Colombo, Mobile Phones"
Xiaomi (Used),"Rs 25,000","Colombo, Mobile Phones"
Daily and staying Housemaid services.,Rs 0,"Colombo, Domestic Services"
à¶à·à·à¶­à¶» à¶±à¶à¶»à¶ºà¶§ à¶à·à¶§à·à¶§à·à¶¸ à¶à¶©à¶¸,"Rs 750,000 per perch","Kalutara, Land For Sale"
Google Pixel 7a (Used),"Rs 60,000","Badulla, Mobile Phones"
à¶±à·à¶¯à·à·à· à·à¶§à¶´à·à¶§à·à·à¶ à¶´à·à¶½à·à¶à·à·à¶à·à· 120 à¶¶à·à· à¶´à·à¶»à¶§ à¶à·à·à¶¯à·à¶± à¶¯à·à¶»à·à¶±à· à¶´à¶¯à·à¶à¶ à· à·à·à¶±à·à¶±,"Rs 925,000 per perch","Colombo, Land For Sale"
M Power 2 Burner Gas Cooker (MP-001SSGC),"Rs 5,900","Gampaha, Electronic Home Appliances"
Bajaj CT100 2014,"Rs 360,000","Gampaha, Motorbikes"
Nissan Clipper Full Options 2025,"Rs 5,350,000","Colombo, Cars"
Oppo A1k 2020 (Used),"Rs 9,998","Gampaha, Mobile Phones"
Toyota Sprinter 1997,"Rs 2,950,000","Gampaha, Cars"
Apple iPhone 11 128GB (Used),"Rs 68,000","Colombo, Mobile Phones"
House for Sale in Matugama,"Rs 20,000,000","Kalutara, Houses For Sale"
Shop Space for Rent Bambalapitiya,"Rs 390,000 /month","Colombo, Commercial Property Rentals"
Master Level Assignment Assistance,"Rs 2,000","Colombo, Other Education"
Suzuki Burgman 2018,"Rs 665,000","Monaragala, Motorbikes"
Brand new computer office chair,"Rs 10,900","Colombo, Furniture"
Vacancies for General Clerk / Accounts Assistant in Piliyandala,"Rs 20,000 - 30,000","Colombo, Clerk"
Sale Old House with Land in Katuwawala Near 120 Main Road,"Rs 15,000,000","Colombo, Houses For Sale"
Apple iPhone 14 128gb (Used),"Rs 128,000","Colombo, Mobile Phones"
"ION stand Fan 16"" 5 Blade","Rs 6,350","Colombo, Air Conditions & Electrical fittings"
"ION stand Fan 16"" 5 Blade","Rs 6,350","Colombo, Air Conditions & Electrical fittings"
Single Story 4 Bedrooms House For Sale in Piliyandala - EH392,"Rs 25,000,000","Colombo, Houses For Sale"
AUX 12000 BTU Non Inverter R32 Gas with WiFi Air Conditioner,"Rs 125,000","Colombo, Air Conditions & Electrical fittings"
New AUX 12000 BTU Non Inverter R32 Gas with WiFi Fast Cooling,"Rs 125,000","Colombo, Air Conditions & Electrical fittings"
Suzuki Alto 2025,"Rs 6,550,000","Gampaha, Cars"
Innovex 7kg with Stainless Steel Tub IFA70S Washing Machine,"Rs 65,900","Colombo, Electronic Home Appliances"
70mai DashCam A500S Pro Plus+,"Rs 29,800","Colombo, Auto Parts & Accessories"
New Innovex Fully Auto Washing Machine 7kg with Stainless Steel Tub,"Rs 65,900","Colombo, Electronic Home Appliances"
12000 BTU Smart Inverter TCL R32 Gas With WiFi 2025,"Rs 129,000","Colombo, Air Conditions & Electrical fittings"
Yamaha FZ S V3 2019,"Rs 890,000","Kandy, Motorbikes"
TCL 12000 BTU R32 Gas Smart Inverter with Wi Fi Brand 2025,"Rs 129,000","Colombo, Air Conditions & Electrical fittings"
New AUX Smart DC Inverter R32 Gas Air Conditioner Fast Cooling,"Rs 137,000","Colombo, Air Conditions & Electrical fittings"
New AUX 12000 BTU R32 Gas DC Inverter Air Conditioner,"Rs 137,000","Colombo, Air Conditions & Electrical fittings"
AUX 12000 BTU R32 Gas Double row Cooling Copper Condenser AC with WiFi,"Rs 125,000","Colombo, Air Conditions & Electrical fittings"
New AUX Non Inverter Double row R32 Gas With WiFi AC,"Rs 125,000","Colombo, Air Conditions & Electrical fittings"
AUX Air Conditioner R32 Gas Double row Copper Condenser AC with wifi,"Rs 125,000","Colombo, Air Conditions & Electrical fittings"
New AUX 12000 BTU R32 Gas With WiFi Air Conditioner Eco Friendly,"Rs 125,000","Colombo, Air Conditions & Electrical fittings"
LAND FOR SALE IN NUGEGODA THA 044L,"Rs 3,800,000 per perch","Colombo, Land For Sale"
AUX R32 Gas Air Conditioner with WiFi Easy Control 2025,"Rs 125,000","Colombo, Air Conditions & Electrical fittings"
New AUX 12000 BTU R32 Gas Air Conditioner 2025,"Rs 125,000","Colombo, Air Conditions & Electrical fittings"
à¶à·à¶­à·à¶©à·à· à¶´à¶¯à·à¶à¶ à·à¶ºà¶§ à·à·à¶´à·à¶»à· à¶´à¶±à·à¶­à·à¶ºà· à¶¶à·à¶¸à· à¶à·à¶§à·à·,"Rs 850,000 per perch","Colombo, Land For Sale"
New AUX 12000 BTU With WiFi R32 Gas Eco Friendly Air Conditioner,"Rs 125,000","Colombo, Air Conditions & Electrical fittings"
AUX 12000 R32 Gas with WiFi Copper Condenser Air Conditioner,"Rs 125,000","Colombo, Air Conditions & Electrical fittings"
AUX 12000BTU R32 Gas with WiFi Air Conditioner,"Rs 125,000","Colombo, Air Conditions & Electrical fittings"
New AUX 12000 BTU R32 Gas Non Inverter with WiFi Air Conditioner,"Rs 125,000","Colombo, Air Conditions & Electrical fittings"
Valuable Land for sale Horana,"Rs 170,000 per perch","Kalutara, Land For Sale"
Apple iPhone 15 128 GB (Used),"Rs 169,000","Colombo, Mobile Phones"
Apple Watch 8 Series,"Rs 52,000","Colombo, Smart Watches & Fitness Bands"
Bajaj RE Silencer 2005,"Rs 15,000","Jaffna, Auto Parts & Accessories"
Apple iPhone 14 128gb (Used),"Rs 128,000","Colombo, Mobile Phones"
Toyota Land Cruiser Prado TX-L 2023,"Rs 53,000,000","Gampaha, Cars"
Toyota shell model LH 51/ 61 /71 Doors For Sale in Battaramulla,"Rs 140,000","Colombo, Auto Parts & Accessories"
Honda Vezel Orange pkg 2014/2015 2014,"Rs 8,950,000","Kegalle, Cars"
Honda CB Trigger 2015,"Rs 350,000","Colombo, Motorbikes"
Dining Table,"Rs 40,000","Kurunegala, Furniture"
Kandana Fully Furnished Upstair Apartment Rent for Short Time,"Rs 85,000 /month","Gampaha, House Rentals"
OnePlus Nord 4 (Used),"Rs 55,000","Kalutara, Mobile Phones"
1KG Dry Powder Fire Extinguisher Vehicle,"Rs 4,000","Colombo, Auto Parts & Accessories"
Dell Vostro 14 Laptop,"Rs 45,000","Kurunegala, Computers & Tablets"
(DL947) 8 Perch Land with House For Sale in Nugegoda (Land Value),"Rs 4,125,000 per perch","Colombo, Land For Sale"
Ecommerce Website Design,"Rs 180,000","Colombo, Other Business Services"
Every Wagon DA17W Bonnet,"Rs 65,000","Kandy, Auto Parts & Accessories"
SONY 5.1ch Home Cinema with Wireless Rear Speakers | HT-S40R,"Rs 184,999","Colombo, Audio & MP3"
Kubota L 2201 1990,"Rs 960,000","Anuradhapura, Tractors"
Nokia 106 (Brand New),"Rs 3,250","Colombo, Mobile Phones"
BMW i8 2017,"Rs 30,500,000","Colombo, Cars"
Oppo F29 5G 256GB (Used),"Rs 44,500","Colombo, Mobile Phones"
Apple iPhone 12 mini (Used),"Rs 55,000","Gampaha, Mobile Phones"
BMW 535i Fender LHS,"Rs 10,000","Colombo, Auto Parts & Accessories"
Dantax Floor Standing Speakers,"Rs 39,500","Colombo, Musical Instruments"
Electric Four Function Patient Beds,"Rs 275,000","Colombo, Healthcare, Medical Equipment & Supplies"
Manual Two Crank Patient Hospital Bed,"Rs 100,000","Colombo, Healthcare, Medical Equipment & Supplies"
à¶à·à·à¶¹ - à¶¸à·à¶à¶¸à·à· à¶´à·âà¶»à¶°à·à¶± à¶´à·à¶»à¶§ à·à¶¸à·à¶´à· à¶¯à·à¶¸à·à¶½à· à¶±à·à·à·à¶à· à·à·à¶à·à¶«à·à¶¸à¶§.,"Rs 29,000,000","Gampaha, Houses For Sale"
SanDisk Ultra microSDXC UHS-I Memory Card,"Rs 3,800","Colombo, Computer Accessories"
Queen Sofa Set,"Rs 108,000","Colombo, Furniture"
Hero Hunk Double Disc 2020,"Rs 675,000","Colombo, Motorbikes"
Apple iPhone 15 128GB GENXT (Brand New),"Rs 227,900","Gampaha, Mobile Phones"
Apple iPhone X 256GB (Used),"Rs 48,000","Colombo, Mobile Phones"
Honda Super Cub 1992,"Rs 145,000","Trincomalee, Motorbikes"
Commode Wheelchair Fiber Seat With Cushion,"Rs 33,500","Colombo, Healthcare, Medical Equipment & Supplies"
Suzuki Wagon R HYBRID ZX 2026,"Rs 9,275,000","Colombo, Cars"
17000 Sq.ft - Commercial Building for Sale CP44150 Kohuwala,"Rs 360,000,000","Colombo, Commercial Properties For Sale"
Kia Sportage 2012,"Rs 8,650,000","Colombo, Cars"
Damro 03 Item Cupboard Sale At Maharagama,"Rs 21,000","Colombo, Furniture"
Apple iPhone 15 Pro Max 256GB (Used),"Rs 225,500","Colombo, Mobile Phones"
Apple iPhone 15 256GB (Used),"Rs 149,000","Colombo, Mobile Phones"
Hero XOOM 125R EFI I3s Brand New 2026,"Rs 248,970","Colombo, Motorbikes"
House for Rent in Kelaniya,"Rs 250,000 /month","Gampaha, House Rentals"
Office Assistant - Kalutara Nagoda,,"Kalutara, Office Administration and Operations"
"TCL 55"" 4K QLED UHD Smart LED TV P8K","Rs 179,990","Colombo, TVs"
Apple iPhone 11 128GB (Used),"Rs 62,900","Colombo, Mobile Phones"
TVS Sport 2026,"Rs 195,000","Colombo, Motorbikes"
Mahindra Bolero Lorry Deck,"Rs 140,000","Gampaha, Auto Parts & Accessories"
Dell Latitude 5400 Core i5 8th Gen DDR4 8GB RAM 256 SSD-B Grade,"Rs 58,000","Colombo, Computers & Tablets"
Rossmax Sphygmomanometer BP Meter,"Rs 7,990","Gampaha, Healthcare, Medical Equipment & Supplies"
Single Storey House Sale in Ragama,"Rs 13,500,000","Gampaha, Houses For Sale"
Easy Access to Kaduwela Highway Malabe Thunadahena Road Land,"Rs 7,200,000 total price","Colombo, Land For Sale"
"Falcon Stand Fan 16"" (FL-1638)","Rs 6,500","Gampaha, Air Conditions & Electrical fittings"
Two Storey 4 Bedrooms House for Sale in Athurugiriya,"Rs 29,500,000","Colombo, Houses For Sale"
Luxury Furnished Apartment for rent at 606 Address Colombo 3,"Rs 1,000,000 /month","Colombo, Apartment Rentals"
Apple iPhone 12 Pro 256GB (Used),"Rs 98,000","Colombo, Mobile Phones"
3 BHK Apartment For Rent in Dehiwala- PDA392,"Rs 550,000 /month","Colombo, Apartment Rentals"
Honda Grazia 2019,"Rs 65,000","Colombo, Motorbikes"
Apple iPhone 15 128gb (Used),"Rs 157,900","Colombo, Mobile Phones"
Well-Maintained Home Near Highway Access â Kottawa,"Rs 45,000,000","Colombo, Houses For Sale"
Tables with Chairs,"Rs 7,000","Kandy, Furniture"
Land for Sale â Prime Location Near Kataragama,"Rs 10,000,000 total price","Monaragala, Land For Sale"
Proxima Sofa Set with Coffee Table,"Rs 140,000","Colombo, Furniture"
Dfsk Unimo Lokka 2015,"Rs 1,475,000","Kalutara, Lorries & Trucks"
Apple iPhone XR 128GB (Used),"Rs 53,000","Colombo, Mobile Phones"
Disposable Coverall / PPE KIT,Rs 500,"Colombo, Healthcare, Medical Equipment & Supplies"
Land for sale in Homagama kiriwaththuduwa,"Rs 550,000 per perch","Colombo, Land For Sale"
Daihatsu Mira ES G SA3 PUSH START 2025,"Rs 6,875,000","Kandy, Cars"
DISPLAY BACK COVER,"Rs 16,900","Colombo, Mobile Phone Accessories"
Land in Between Malabe and Athurugiriya Thunadahena Road,"Rs 1,325,000 per perch","Colombo, Land For Sale"
(NSA2603-003) Elegant Luxurious House for Sale in Athurugiriya,"Rs 27,500,000","Colombo, Houses For Sale"
Apple iPhone 12 256GB (Used),"Rs 80,000","Colombo, Mobile Phones"
Bajaj Pulsar NS200 New 2026,"Rs 509,975","Gampaha, Motorbikes"
samsung Soundbar HW-Q930F 9.1.4 ch Subwoofer & Rear Speaker,"Rs 284,999","Colombo, Audio & MP3"
Japan Mountain Dew 6 Speed Bicycle With Rear Lock,"Rs 20,000","Colombo, Bicycles"
BMW 320I E90 Engine,"Rs 10,000","Colombo, Auto Parts & Accessories"
Office Admin,"Rs 40,000 - 60,000","Colombo, Office Administration and Operations"
ground floor completed house sale in Ja ela,"Rs 13,000,000","Gampaha, Houses For Sale"
Xiaomi Redmi Note 15 Pro 8GB/256GB (Brand New),"Rs 86,990","Colombo, Mobile Phones"
Xiaomi Redmi A5 3GB | 64GB (Used),"Rs 19,500","Colombo, Mobile Phones"
Oppo A5 Pro (Used),"Rs 60,000","Badulla, Mobile Phones"
Move-In Ready New House in Athurugiriya for Sale,"Rs 35,000,000","Colombo, Houses For Sale"
"HP 250R G10 Core 5 120U 14th Gen 8GB RAM 512GB NVMe 15.6"" New laptop","Rs 180,000","Colombo, Computers & Tablets"
Xiaomi Redmi A5 (Used),"Rs 14,000","Kegalle, Mobile Phones"
Apple iPhone 11 128GB (Used),"Rs 63,000","Colombo, Mobile Phones"
Apple iPhone 17 256GB (Brand New),"Rs 320,000","Colombo, Mobile Phones"
Ideapad Slim 2 Laptop,"Rs 80,000","Colombo, Computers & Tablets"
Isuzu Elf 10.5 2013,"Rs 6,800,000","Gampaha, Lorries & Trucks"
Need Farm Goat,,"Jaffna, Farm Animals"
Peugeot 407 2007,"Rs 5,495,000","Colombo, Cars"
Bajaj CT100 2013,"Rs 395,000","Anuradhapura, Motorbikes"
Shihtzu puppy,"Rs 55,000","Gampaha, Pets"
Dell i5 13Gen Laptop,"Rs 70,000","Colombo, Computers & Tablets"
Mitsubishi WS 200,"Rs 2,350,000","Hambantota, Heavy Duty"
Every Wagon DA64W Bonnet,"Rs 35,000","Kandy, Auto Parts & Accessories"
Disposable Isolation Gown / Surgeon,Rs 500,"Colombo, Healthcare, Medical Equipment & Supplies"
Oppo A79 5G 8GB 128GB (Used),"Rs 29,500","Colombo, Mobile Phones"
Lenovo Core i5 13th Gen H processor 8GB 512GB Laptops Brandnew,"Rs 199,000","Colombo, Computers & Tablets"
Treadmill,"Rs 90,000","Gampaha, Sports & Fitness"
Xiaomi Redmi 15C (Brand New),"Rs 42,999","Kandy, Mobile Phones"
Audi Etron Gt Sport AlloyWheel,"Rs 12,340","Gampaha, Auto Parts & Accessories"
"4 Rooms complete 2 Storey house rent in Ja Ela, kapuwatta","Rs 120,000 /month","Gampaha, House Rentals"
HP Scanjet 4830 Scanner,"Rs 14,500","Colombo, Computer Accessories"
(NSA2603-008) Elegant House for Sale in Athurugiriya,"Rs 55,000,000","Colombo, Houses For Sale"
Vivo Y04 (Used),"Rs 30,000","Colombo, Mobile Phones"
Apple Doc,"Rs 4,800","Colombo, Mobile Phone Accessories"
Delivery Rider - Jaffna,"Rs 60,000 - 110,000","Jaffna, Delivery Rider"
Ingco auto air compressor Herman PT 0230,"Rs 7,750","Colombo, Industry Tools & Machinery"
Apple iPhone 11 Pro Max (Used),"Rs 83,000","Batticaloa, Mobile Phones"
Samsung Galaxy A07 128GB (Brand New),"Rs 36,999","Kandy, Mobile Phones"
Suzuki Alto X 2016,"Rs 4,950,000","Colombo, Cars"
Samsung Galaxy A13 (Used),"Rs 24,500","Ampara, Mobile Phones"
Apple iPhone 15 128gb (Used),"Rs 157,900","Colombo, Mobile Phones"
70mai Hardwire Kit UP03,"Rs 5,800","Colombo, Auto Parts & Accessories"
WELIGAMA - MIDIGAMA TOURISM SUPERB LUXURIOUS BEAUTIFUL LAND PLOTS,"Rs 2,100,000 per perch","Matara, Land For Sale"
Japan Mandolin,"Rs 32,000","Kalutara, Musical Instruments"
Google Pixel 8 128GB (Used),"Rs 93,000","Kandy, Mobile Phones"
ATHURUGIRIYA SUPERB LUXURIOUS LAND PLOTS FOR SALE,"Rs 1,490,000 per perch","Colombo, Land For Sale"
Thalawathugoda Land for Sale,"Rs 2,950,000 per perch","Colombo, Land For Sale"
Cambridge Maths Online Class,"Rs 4,000","Colombo, Tuition"
Rent Suzuki Wagon R Stingray,"Rs 4,500","Colombo, Rentals"
BANDARAGAMA - UYANWATTA LAKE FACING BEAUTIFUL LAND PLOTS FOR SALE,"Rs 630,000 per perch","Kalutara, Land For Sale"
BMW 320I E90 Rear Door Panel RHS,"Rs 10,000","Colombo, Auto Parts & Accessories"
10.85 Perches Land Sale in Negombo,"Rs 1,000,000 per perch","Gampaha, Land For Sale"
Hospital bed Electric Four Function,"Rs 265,000","Colombo, Healthcare, Medical Equipment & Supplies"
Apple iPhone 12 Pro 256GB (Used),"Rs 97,999","Colombo, Mobile Phones"
Electric Four Function Patient Beds,"Rs 275,000","Colombo, Healthcare, Medical Equipment & Supplies"
Manual Two Crank Patient Hospital Bed,"Rs 100,000","Colombo, Healthcare, Medical Equipment & Supplies"
à¶à·à·à¶¹ - à¶¸à·à¶à¶¸à·à· à¶´à·âà¶»à¶°à·à¶± à¶´à·à¶»à¶§ à·à¶¸à·à¶´à· à¶¯à·à¶¸à·à¶½à· à¶±à·à·à·à¶à· à·à·à¶à·à¶«à·à¶¸à¶§.,"Rs 29,000,000","Gampaha, Houses For Sale"
SanDisk Ultra microSDXC UHS-I Memory Card,"Rs 3,800","Colombo, Computer Accessories"
Queen Sofa Set,"Rs 108,000","Colombo, Furniture"
Hero Hunk Double Disc 2020,"Rs 675,000","Colombo, Motorbikes"
Apple iPhone 15 128GB GENXT (Brand New),"Rs 227,900","Gampaha, Mobile Phones"
Apple iPhone X 256GB (Used),"Rs 48,000","Colombo, Mobile Phones"
Honda Super Cub 1992,"Rs 145,000","Trincomalee, Motorbikes"
Commode Wheelchair Fiber Seat With Cushion,"Rs 33,500","Colombo, Healthcare, Medical Equipment & Supplies"
Suzuki Wagon R HYBRID ZX 2026,"Rs 9,275,000","Colombo, Cars"
17000 Sq.ft - Commercial Building for Sale CP44150 Kohuwala,"Rs 360,000,000","Colombo, Commercial Properties For Sale"
Kia Sportage 2012,"Rs 8,650,000","Colombo, Cars"
Damro 03 Item Cupboard Sale At Maharagama,"Rs 21,000","Colombo, Furniture"
Apple iPhone 15 Pro Max 256GB (Used),"Rs 225,500","Colombo, Mobile Phones"
Apple iPhone 15 256GB (Used),"Rs 149,000","Colombo, Mobile Phones"
Hero XOOM 125R EFI I3s Brand New 2026,"Rs 248,970","Colombo, Motorbikes"
House for Rent in Kelaniya,"Rs 250,000 /month","Gampaha, House Rentals"
Office Assistant - Kalutara Nagoda,,"Kalutara, Office Administration and Operations"
"TCL 55"" 4K QLED UHD Smart LED TV P8K","Rs 179,990","Colombo, TVs"
Apple iPhone 11 128GB (Used),"Rs 62,900","Colombo, Mobile Phones"
Mahindra Bolero Lorry Deck,"Rs 140,000","Gampaha, Auto Parts & Accessories"
TVS Sport 2026,"Rs 195,000","Colombo, Motorbikes"
Dell Latitude 5400 Core i5 8th Gen DDR4 8GB RAM 256 SSD-B Grade,"Rs 58,000","Colombo, Computers & Tablets"
Full Set Pc,"Rs 30,000","Kegalle, Computers & Tablets"
Granite Dining Table with Chairs,"Rs 49,000","Colombo, Furniture"
Apple iPhone 12 Pro 256GB (Used),"Rs 97,999","Colombo, Mobile Phones"
Electric Four Function Patient Beds,"Rs 275,000","Colombo, Healthcare, Medical Equipment & Supplies"
Manual Two Crank Patient Hospital Bed,"Rs 100,000","Colombo, Healthcare, Medical Equipment & Supplies"
à¶à·à·à¶¹ - à¶¸à·à¶à¶¸à·à· à¶´à·âà¶»à¶°à·à¶± à¶´à·à¶»à¶§ à·à¶¸à·à¶´à· à¶¯à·à¶¸à·à¶½à· à¶±à·à·à·à¶à· à·à·à¶à·à¶«à·à¶¸à¶§.,"Rs 29,000,000","Gampaha, Houses For Sale"
SanDisk Ultra microSDXC UHS-I Memory Card,"Rs 3,800","Colombo, Computer Accessories"
Queen Sofa Set,"Rs 108,000","Colombo, Furniture"
Hero Hunk Double Disc 2020,"Rs 675,000","Colombo, Motorbikes"
Apple iPhone 15 128GB GENXT (Brand New),"Rs 227,900","Gampaha, Mobile Phones"
Apple iPhone X 256GB (Used),"Rs 48,000","Colombo, Mobile Phones"
Honda Super Cub 1992,"Rs 145,000","Trincomalee, Motorbikes"
Commode Wheelchair Fiber Seat With Cushion,"Rs 33,500","Colombo, Healthcare, Medical Equipment & Supplies"
Suzuki Wagon R HYBRID ZX 2026,"Rs 9,275,000","Colombo, Cars"
17000 Sq.ft - Commercial Building for Sale CP44150 Kohuwala,"Rs 360,000,000","Colombo, Commercial Properties For Sale"
Kia Sportage 2012,"Rs 8,650,000","Colombo, Cars"
Damro 03 Item Cupboard Sale At Maharagama,"Rs 21,000","Colombo, Furniture"
Apple iPhone 15 Pro Max 256GB (Used),"Rs 225,500","Colombo, Mobile Phones"
Apple iPhone 15 256GB (Used),"Rs 149,000","Colombo, Mobile Phones"
Hero XOOM 125R EFI I3s Brand New 2026,"Rs 248,970","Colombo, Motorbikes"
House for Rent in Kelaniya,"Rs 250,000 /month","Gampaha, House Rentals"
Office Assistant - Kalutara Nagoda,,"Kalutara, Office Administration and Operations"
"TCL 55"" 4K QLED UHD Smart LED TV P8K","Rs 179,990","Colombo, TVs"
Apple iPhone 11 128GB (Used),"Rs 62,900","Colombo, Mobile Phones"
Mahindra Bolero Lorry Deck,"Rs 140,000","Gampaha, Auto Parts & Accessories"
Super luxury land for sale in Kahanthota Road Malabe,"Rs 1,225,000 per perch","Colombo, Land For Sale"
Lenovo ideapad 3 15iau7 Laptop,"Rs 14,000","Colombo, Computers & Tablets"
HP 15-Fd0154wm Intel Core Ultra 5 125H 512GB SSD 8GB DDR5 Laptop,"Rs 190,000","Colombo, Computers & Tablets"
Strong Structure Brand New House Sale Athurugiriya,"Rs 26,000,000","Colombo, Houses For Sale"
Land for sale in Homagama Kiriwaththuduwa,"Rs 550,000 per perch","Colombo, Land For Sale"
Land in Ambalantota,"Rs 2,100,000 per perch","Hambantota, Land For Sale"
Samsung Galaxy A56 5G 12GB 256GB (Used),"Rs 84,999","Kandy, Mobile Phones"
"Apartment for Rent in Rosmead Towers, Colombo 07","Rs 700,000 /month","Colombo, Apartment Rentals"
Beneficial Land for Sale in Malabe â Thunadahena,"Rs 1,175,000 per perch","Colombo, Land For Sale"
Bajaj RE 2015,"Rs 1,600,000","Kurunegala, Three Wheelers"
Rossmax Nebulizer NE100,"Rs 13,990","Colombo, Healthcare, Medical Equipment & Supplies"
Lenovo Yoga AMD Ryzen 7 8840HS 16GB DDR5 Ram 512GB NVMe,"Rs 289,000","Colombo, Computers & Tablets"
Xiaomi Poco X7 5G 8GB 128GB (Used),"Rs 53,500","Colombo, Mobile Phones"
Panasonic Bicycle,"Rs 36,000","Kandy, Bicycles"
Infrared Lamp With Adjustable Stand,"Rs 19,990","Colombo, Healthcare, Medical Equipment & Supplies"
Apple iPhone 17 Pro 256gb (Used),"Rs 389,900","Kandy, Mobile Phones"
Lenovo LOQ RTX 5050 \8GB Ryzen 5 \220 15th Gen Proessor \16GB DDR5,"Rs 339,990","Colombo, Computers & Tablets"
SAMSUNG HW-Q800F Q-Series 5.1.2 ch Subwoofer,"Rs 249,999","Colombo, Audio & MP3"
Toyota Raize Side Mirror,"Rs 60,000","Gampaha, Auto Parts & Accessories"
Full Option Commode Wheel Chair reclining wheelchair,"Rs 49,500","Colombo, Healthcare, Medical Equipment & Supplies"
Patient Bed Rest With Handle,"Rs 10,990","Colombo, Healthcare, Medical Equipment & Supplies"
Brand New Luxury spin Bike /Heavy -A1,"Rs 65,000","Colombo, Sports & Fitness"
Commode Chair Stand With Bucket,"Rs 7,500","Colombo, Healthcare, Medical Equipment & Supplies"
Glucometer Medismart,"Rs 4,990","Colombo, Healthcare, Medical Equipment & Supplies"
Drone Videography,"Rs 17,500","Gampaha, Events & Entertainment"
Glucometer Medismart,"Rs 4,990","Colombo, Healthcare, Medical Equipment & Supplies"
Drone Videography,"Rs 17,500","Gampaha, Events & Entertainment"
Honor X5 Plus (Used),"Rs 25,000","Colombo, Mobile Phones"
Spirit Stethoscope Professional Taiwan,"Rs 19,990","Colombo, Healthcare, Medical Equipment & Supplies"
Super luxury land for sale in Kahanthota Road Malabe,"Rs 1,200,000 per perch","Colombo, Land For Sale"
Commode Chair Height Adjustable,"Rs 14,990","Gampaha, Healthcare, Medical Equipment & Supplies"
Wheel Chair Powder Coated Black Edition with Seat Bealt,"Rs 28,000","Colombo, Healthcare, Medical Equipment & Supplies"
mahindra maxximo right side door panel,"Rs 32,000","Colombo, Auto Parts & Accessories"
Oppo A59 5G 128GB (Used),"Rs 28,500","Galle, Mobile Phones"
Canon 80D with 18-135 mm Lens,"Rs 150,000","Kalutara, Cameras & Camcorders"
Vivo Y93 64GB | 4GB (Used),"Rs 12,990","Trincomalee, Mobile Phones"
Bus For Hire 45 Seater Under Luggage,,"Colombo, Auto Services"
Toyota Roomy Custom GT 2025,"Rs 10,625,000","Colombo, Cars"
Bus For Box Coaster 29 Seater,,"Colombo, Auto Services"
"20 Perch Land for Sale in Mahawatta, Kundasale","Rs 300,000 per perch","Kandy, Land For Sale"
Tube Well Service - Tawalantenne,,"Kandy, Trade Services"
Bajaj Pulsar N160 2026,"Rs 416,000","Gampaha, Motorbikes"
Tube Well Service - Rattapitiya,,"Kandy, Trade Services"
Land at Malabe Thunadahena,"Rs 1,325,000 per perch","Colombo, Land For Sale"
Auto Electrician,,"Colombo, Mechanic"
Tube Well Service - Pussellawa,,"Kandy, Trade Services"
Apple Iphone 15 Plus Oled Display,"Rs 30,500","Colombo, Mobile Spare Parts"
Spacious Brand New House Sale Athurugiriya,"Rs 23,500,000","Colombo, Houses For Sale"
4 Bed With Valuable House Sale Athurugiriya,"Rs 29,500,000","Colombo, Houses For Sale"
Brand New Adjustable Weight Beanch /Dumbbell Bench,"Rs 19,900","Gampaha, Sports & Fitness"
Spacious Brand New House Sale Athurugiriya,"Rs 23,500,000","Colombo, Houses For Sale"
4 Bed With Valuable House Sale Athurugiriya,"Rs 29,500,000","Colombo, Houses For Sale"
Brand New Adjustable Weight Beanch /Dumbbell Bench,"Rs 19,900","Gampaha, Sports & Fitness"
Delivery Rider - Mirigama,"Rs 60,000 - 110,000","Gampaha, Delivery Rider"
Tube Well Service - Poththapitiya,,"Kandy, Trade Services"
Vivo Y93 DISPLAY--,"Rs 2,500","Colombo, Mobile Phone Accessories"
Apple iPhone 16 128gb (Used),"Rs 198,900","Colombo, Mobile Phones"
Tube Well Service - Pilimatalawa,,"Kandy, Trade Services"
Apple iPhone 16 Pro Max 256GB (Brand New),"Rs 410,000","Colombo, Mobile Phones"
CHIQ 12000BTU Smart Inverter with Wifi Brand New Ac R32 Gas,"Rs 122,500","Colombo, Air Conditions & Electrical fittings"
Brand New Visitor Office Chair,"Rs 10,900","Colombo, Furniture"
BMW 523i M5 KITTED STAGE 1+ 2010,"Rs 16,900,000","Colombo, Cars"
BMW X5 M Sport 2016,"Rs 24,000,000","Colombo, Cars"
Bus For Hire Kinglong 50 Seater,Rs 400,"Colombo, Auto Services"
Nissan Teana J32 DUAL SUNROOF 2010,"Rs 8,990,000","Colombo, Cars"
Bus For Hire Box Coaster 28 Seater,Rs 160,"Colombo, Auto Services"
BMW X2 Door's,"Rs 12,340","Gampaha, Auto Parts & Accessories"
House for Sale in Negombo,"Rs 22,000,000","Gampaha, Houses For Sale"
SAMSUNG Soundbar HW-B650F 3.1 ch Subwoofer Black,"Rs 92,500","Colombo, Audio & MP3"
Fernando Homes Latest Built Single Story 3Br New House for Sale Negombo,"Rs 34,000,000","Gampaha, Houses For Sale"
Top Condition Newly Built Upstairs Luxury House For Sale In Negombo,"Rs 26,000,000","Gampaha, Houses For Sale"
Hospital Bed Three Function Head & Leg Height Sides adjustable,"Rs 130,000","Colombo, Healthcare, Medical Equipment & Supplies"
Apple iPhone 16 128gb (Used),"Rs 198,900","Colombo, Mobile Phones"
Bajaj Discover 125 brandnew 2026,"Rs 274,610","Gampaha, Motorbikes"
Oppo A5s 6GB/128GB (Used),"Rs 14,990","Colombo, Mobile Phones"
Toyota Yaris Cross 2025,"Rs 17,300,000","Colombo, Cars"
l sofa,"Rs 69,000","Colombo, Furniture"
Samsung Galaxy A20 3GB 32GB (Used),"Rs 8,900","Colombo, Mobile Phones"
Patient Air Mattress,"Rs 11,000","Colombo, Healthcare, Medical Equipment & Supplies"
Trizen - Furnished Apartment for Rent A42347,"Rs 535,000 /month","Colombo, Apartment Rentals"
Vivo Y20 2020 (Used),"Rs 19,000","Badulla, Mobile Phones"
Full Set Pc,"Rs 30,000","Kegalle, Computers & Tablets"
Granite Dining Table with Chairs,"Rs 49,000","Colombo, Furniture"
Apple iPhone 12 Pro 256GB (Used),"Rs 97,999","Colombo, Mobile Phones"
Electric Four Function Patient Beds,"Rs 275,000","Colombo, Healthcare, Medical Equipment & Supplies"
Manual Two Crank Patient Hospital Bed,"Rs 100,000","Colombo, Healthcare, Medical Equipment & Supplies"
à¶à·à·à¶¹ - à¶¸à·à¶à¶¸à·à· à¶´à·âà¶»à¶°à·à¶± à¶´à·à¶»à¶§ à·à¶¸à·à¶´à· à¶¯à·à¶¸à·à¶½à· à¶±à·à·à·à¶à· à·à·à¶à·à¶«à·à¶¸à¶§.,"Rs 29,000,000","Gampaha, Houses For Sale"
SanDisk Ultra microSDXC UHS-I Memory Card,"Rs 3,800","Colombo, Computer Accessories"
Queen Sofa Set,"Rs 108,000","Colombo, Furniture"
Hero Hunk Double Disc 2020,"Rs 675,000","Colombo, Motorbikes"
Apple iPhone 15 128GB GENXT (Brand New),"Rs 227,900","Gampaha, Mobile Phones"
Apple iPhone X 256GB (Used),"Rs 48,000","Colombo, Mobile Phones"
Honda Super Cub 1992,"Rs 145,000","Trincomalee, Motorbikes"
Commode Wheelchair Fiber Seat With Cushion,"Rs 33,500","Colombo, Healthcare, Medical Equipment & Supplies"
Suzuki Wagon R HYBRID ZX 2026,"Rs 9,275,000","Colombo, Cars"
17000 Sq.ft - Commercial Building for Sale CP44150 Kohuwala,"Rs 360,000,000","Colombo, Commercial Properties For Sale"
Kia Sportage 2012,"Rs 8,650,000","Colombo, Cars"
Damro 03 Item Cupboard Sale At Maharagama,"Rs 21,000","Colombo, Furniture"
Apple iPhone 15 Pro Max 256GB (Used),"Rs 225,500","Colombo, Mobile Phones"
Apple iPhone 15 256GB (Used),"Rs 149,000","Colombo, Mobile Phones"
HP Elitebook 840 G8 i5 11th GEN Laptop,"Rs 98,990","Gampaha, Computers & Tablets"
Apple iPhone 16 128GB (Brand New),"Rs 245,000","Colombo, Mobile Phones"
Rooms for Rent Wellampitiya,"Rs 8,000 /month","Colombo, Room & Annex Rentals"
iqoo Z9X 128GB | 8GB (Used),"Rs 29,990","Galle, Mobile Phones"
Brand New Lenovo ideapad 1 AMD Ryzen 5 8GB DDR4 RAM Laptop,"Rs 159,000","Colombo, Computers & Tablets"
Apple iPhone 11 Full Set Box (Used),"Rs 68,000","Colombo, Mobile Phones"
New HP 15-fd0150wm Ultra 5 15th Gen 8GB DDR5 300nits Touch Display Lap,"Rs 209,000","Colombo, Computers & Tablets"
I5 8500 | 32 GB RAM GTX 970 4GB MSI GPU,"Rs 115,000","Gampaha, Computers & Tablets"
Delivery Rider - Badulla,"Rs 60,000 - 110,000","Badulla, Delivery Rider"
Tube Well Service - Meegoda,,"Colombo, Trade Services"
Tube Well Service - Malabe,,"Colombo, Trade Services"
Realme 14 Pro 5G (Used),"Rs 59,500","Colombo, Mobile Phones"
Apple iPhone 14 128GB (Used),"Rs 139,000","Colombo, Mobile Phones"
Apple iPhone 12 (Used),"Rs 60,000","Gampaha, Mobile Phones"
Nissan Vanette 1989,"Rs 3,200,000","Colombo, Vans"
Xiaomi Poco M3 Pro 5G 6GB/128GB (Used),"Rs 24,990","Colombo, Mobile Phones"
Spoken English Class,"Rs 1,500","Colombo, Other Education"
single storey house sale in Ragama,"Rs 12,000,000","Gampaha, Houses For Sale"
Hospital Bed Head Side & Leg adjustable,"Rs 75,000","Colombo, Healthcare, Medical Equipment & Supplies"
Brand New Adjustable weight Bench /weight set- A1,"Rs 19,900","Colombo, Sports & Fitness"
21 Seats Hino Coaster Bus for Hire,Rs 100,"Colombo, Auto Services"
Luxury Ac Bus for Hire Coaster,Rs 100,"Kalutara, Auto Services"
House with Land for Sale in Kaduwela,"Rs 35,000,000","Colombo, Houses For Sale"
Vesak Lanterns,Rs 70,"Kalutara, Other"
Apple iPhone 12 128GB (Used),"Rs 80,000","Colombo, Mobile Phones"
Luxury Ac Bus for Hire Coaster,Rs 100,"Kalutara, Auto Services"
House with Land for Sale in Kaduwela,"Rs 35,000,000","Colombo, Houses For Sale"
Vesak Lanterns,Rs 70,"Kalutara, Other"
Apple iPhone 12 128GB (Used),"Rs 80,000","Colombo, Mobile Phones"
Nissan Dayz 2016,"Rs 6,250,000","Colombo, Cars"
Brand New House for Sale in Athurugiriya,"Rs 35,000,000","Colombo, Houses For Sale"
Rent a Car Suzuki Alto,"Rs 75,000","Colombo, Rentals"
Brand New Head rest computer office Chair,"Rs 11,790","Colombo, Furniture"
Bus for Hire - Fuso Rosa,Rs 100,"Kalutara, Auto Services"
Sales Assistant,"Rs 50,000 - 55,000","Kurunegala, Sales and Marketing"
Toyota KDH HIGH ROOF 2011,"Rs 17,800,000","Colombo, Vans"
Inter core i5 Desktop PC,"Rs 45,000","Trincomalee, Computers & Tablets"
Need Honda Activa à¶¯à·à¶» à¶½à·à¶à·,,"Colombo, Auto Parts & Accessories"
Lathe Machine Operator | à¶´à¶§à·à¶§à¶½ à¶ºà¶±à·à¶­à·âà¶» à¶à·âà¶»à·à¶ºà·à¶à¶»à·,,"Colombo, Operator"
Seiko 5 Automatic Brand new,"Rs 45,000","Colombo, Watches"
Iron Gates,"Rs 220,000","Colombo, Building Material & Tools"
Acer Swift SFG14-73 Ultra 5 Laptop,"Rs 179,990","Gampaha, Computers & Tablets"
4beds single storey house sale,"Rs 12,000,000","Gampaha, Houses For Sale"
Vivo Y85 6GB|128GB (Used),"Rs 11,990","Colombo, Mobile Phones"
Tata Dimo Lokka 2014,"Rs 2,750,000","Anuradhapura, Lorries & Trucks"
Toyota Allion G Plus (49000 km) 2019,"Rs 16,100,000","Gampaha, Cars"
3 Layer Dish Rack,"Rs 5,800","Colombo, Other Home Items"
Tube Well Service - Kotte,,"Colombo, Trade Services"
Apple iPhone 15 256GB (Brand New),"Rs 255,000","Colombo, Mobile Phones"
Tube Well Service - Kottawa,,"Colombo, Trade Services"
Granite Coffee Table,"Rs 16,000","Colombo, Furniture"
Nissan March K12 2007,"Rs 4,325,000","Gampaha, Cars"
Commode Chair With Wheels Height Adjustable,"Rs 19,500","Colombo, Healthcare, Medical Equipment & Supplies"
Apple iPhone 14 Pro Max 256GB (Used),"Rs 167,000","Ratnapura, Mobile Phones"
Modern House for Rent in Dehiwala,"Rs 250,000 /month","Colombo, House Rentals"
Altair - Unfurnished Apartment for Sale A42691,"Rs 340,400,000","Colombo, Apartments For Sale"
Toyota Yaris Cross 2025,"Rs 17,300,000","Colombo, Cars"
l sofa,"Rs 69,000","Colombo, Furniture"
Samsung Galaxy A20 3GB 32GB (Used),"Rs 8,900","Colombo, Mobile Phones"
Patient Air Mattress,"Rs 11,000","Colombo, Healthcare, Medical Equipment & Supplies"
Trizen - Furnished Apartment for Rent A42347,"Rs 535,000 /month","Colombo, Apartment Rentals"
Vivo Y20 2020 (Used),"Rs 19,000","Badulla, Mobile Phones"
Full Set Pc,"Rs 30,000","Kegalle, Computers & Tablets"
Granite Dining Table with Chairs,"Rs 49,000","Colombo, Furniture"
Apple iPhone 12 Pro 256GB (Used),"Rs 97,999","Colombo, Mobile Phones"
Electric Four Function Patient Beds,"Rs 275,000","Colombo, Healthcare, Medical Equipment & Supplies"
Manual Two Crank Patient Hospital Bed,"Rs 100,000","Colombo, Healthcare, Medical Equipment & Supplies"
à¶à·à·à¶¹ - à¶¸à·à¶à¶¸à·à· à¶´à·âà¶»à¶°à·à¶± à¶´à·à¶»à¶§ à·à¶¸à·à¶´à· à¶¯à·à¶¸à·à¶½à· à¶±à·à·à·à¶à· à·à·à¶à·à¶«à·à¶¸à¶§.,"Rs 29,000,000","Gampaha, Houses For Sale"
SanDisk Ultra microSDXC UHS-I Memory Card,"Rs 3,800","Colombo, Computer Accessories"
Queen Sofa Set,"Rs 108,000","Colombo, Furniture"
Hero Hunk Double Disc 2020,"Rs 675,000","Colombo, Motorbikes"
Apple iPhone 15 128GB GENXT (Brand New),"Rs 227,900","Gampaha, Mobile Phones"
Apple iPhone X 256GB (Used),"Rs 48,000","Colombo, Mobile Phones"
Honda Super Cub 1992,"Rs 145,000","Trincomalee, Motorbikes"
Commode Wheelchair Fiber Seat With Cushion,"Rs 33,500","Colombo, Healthcare, Medical Equipment & Supplies"
Hospital bed Head Adjustable,"Rs 58,000","Colombo, Healthcare, Medical Equipment & Supplies"
Apple iPhone 17 Pro Max (Used),"Rs 375,000","Jaffna, Mobile Phones"
Sony Alpha a7R II Mirrorless Digital Camera (Body Only),"Rs 155,000","Gampaha, Cameras & Camcorders"
Apple iPhone 15 128GB (Brand New),"Rs 216,000","Colombo, Mobile Phones"
Prius 30 Wheadher Strips,"Rs 16,000","Gampaha, Auto Parts & Accessories"
"Apartment For Sale in Empire Residencies, Colombo 02","Rs 140,000,000","Colombo, Apartments For Sale"
Land in Kadawatha Imbulgoda Plot 07,"Rs 990,000 per perch","Gampaha, Land For Sale"
Honda Activa 2013,"Rs 65,000","Gampaha, Motorbikes"
Apple iPhone 13 128GB (Used),"Rs 105,500","Kandy, Mobile Phones"
Samsung Galaxy A12 (Used),"Rs 20,000","Colombo, Mobile Phones"
Oppo A5 Pro 5G 8GB 128GB (Used),"Rs 34,500","Colombo, Mobile Phones"
BMW 535I Under Guard,"Rs 10,000","Colombo, Auto Parts & Accessories"
Comfortable Family Home for Sale â Athurugiriya Area,"Rs 21,000,000","Colombo, Houses For Sale"
Honda Super Club 2008,"Rs 198,000","Kurunegala, Motorbikes"
Single Storey House Sale in Ja Ela,"Rs 11,000,000","Gampaha, Houses For Sale"
Hero Dash 2016,"Rs 75,000","Colombo, Motorbikes"
2-Door Stainless Steel Commercial Freezer,"Rs 110,000","Matara, Industry Tools & Machinery"
car carrier recovery services,"Rs 3,000","Colombo, Auto Services"
Bajaj CT100 2026,"Rs 193,860","Gampaha, Motorbikes"
Xiaomi Redmi Note 15 8GB/256GB 5030mAh (Brand New),"Rs 66,990","Colombo, Mobile Phones"
Apple iPhone 13 (Used),"Rs 99,500","Kegalle, Mobile Phones"
Brand New House for Sale in Kandana,"Rs 13,500,000","Gampaha, Houses For Sale"
Apple iPhone 11 256GB (Used),"Rs 69,000","Kandy, Mobile Phones"
Apple iPhone 13 128GB (Used),"Rs 103,000","Colombo, Mobile Phones"
TVS Sport 2026,"Rs 195,000","Galle, Motorbikes"
Apple iPhone 13 128GB (Used),"Rs 103,000","Colombo, Mobile Phones"
TVS Sport 2026,"Rs 195,000","Galle, Motorbikes"
Land For Sale in Colombo 06,"Rs 11,000,000 per perch","Colombo, Land For Sale"
Holiday Bungalow Rooms for Short Term Rent Nuwaraeliya,"Rs 5,000 /night","Nuwara Eliya, Holiday & Short-Term Rental"
House for Sale in Thalahena (Koswatte) Malabe,"Rs 55,000,000","Colombo, Houses For Sale"
Two Function Mesh Bed,"Rs 64,000","Colombo, Healthcare, Medical Equipment & Supplies"
Apple iPhone 13 (Used),"Rs 99,500","Kalutara, Mobile Phones"
Fully Furnished Villa House for Rent Kandana,"Rs 200,000 /month","Gampaha, House Rentals"
4.00-8 Tires,"Rs 6,000","Kandy, Auto Parts & Accessories"
Luxury Roman Blinds,,"Gampaha, Trade Services"
Moto Edge 60 Fusion (Used),"Rs 70,000","Ampara, Mobile Phones"
Lenovo Thinkpad L13 Yoga i5 10th GEN Laptop,"Rs 77,990","Gampaha, Computers & Tablets"
Suzuki Gixxer 2015,"Rs 448,000","Colombo, Motorbikes"
Apple iPhone 13 (Used),"Rs 99,500","Kalutara, Mobile Phones"
TVS Ntorq 125 Brand new 2026,"Rs 259,900","Colombo, Motorbikes"
2 Storey Completed House Rent in Ja Ela,"Rs 120,000 /month","Gampaha, House Rentals"
Infinix Hot 60 Pro+ (Brand New),"Rs 74,500","Kandy, Mobile Phones"
"BLACKFORD FALCON 16"" STAND FAN : BL-SF100","Rs 5,750","Gampaha, Electronic Home Appliances"
"BLACKFORD FALCON 16"" STAND FAN : BL-SF100","Rs 5,750","Colombo, Electronic Home Appliances"
i5 11th Gen Touch Display|8GB/256GB|Dell 5420,"Rs 105,000","Batticaloa, Computers & Tablets"
Xiaomi Redmi Note 15 8GB/256GB (Brand New),"Rs 75,990","Colombo, Mobile Phones"
Apple iPhone 13 (Used),"Rs 99,500","Colombo, Mobile Phones"
Apple iPhone 11 (Used),"Rs 47,000","Kegalle, Mobile Phones"
AV 1 shoes,"Rs 7,500","Anuradhapura, Shoes & Footwear"
Apple iPhone 14 Pro (Used),"Rs 125,000","Matara, Mobile Phones"
TVS Sport 2026,"Rs 195,000","Colombo, Motorbikes"
16 Perches Land Sale in Kandana,"Rs 1,000,000 per perch","Gampaha, Land For Sale"
Athurugiriya Gated Community 3 Bedroom House for Sale,"Rs 24,000,000","Colombo, Houses For Sale"
Apple iPhone 13 (Used),"Rs 99,500","Gampaha, Mobile Phones"
Google Pixel 5 (Used),"Rs 11,500","Colombo, Mobile Phones"
Fully Furnished House for Rent â Hendala Junction (Near Negombo Road),"Rs 225,000 /month","Gampaha, House Rentals"
à¶à·à·à¶¹ - à¶à·à¶»à·à¶«à·à¶à¶½ à¶´à·à¶»à¶§ à¶à¶­à· à·à¶¸à·à¶´à· à¶à¶½à·à¶­à·à¶±à·à¶¸ à¶à¶¯à·à¶à· à¶±à·à·à·à¶à· à·à·à¶à·à¶«à·à¶¸à¶§.,"Rs 22,000,000","Gampaha, Houses For Sale"
Delivery Rider - Thambuttegama,"Rs 60,000 - 110,000","Anuradhapura, Delivery Rider"
Apple iPhone 11 Pro Max 256GB (Used),"Rs 85,500","Kandy, Mobile Phones"
à¶à·à·à¶¹ à¶à·à¶»à·à¶«à·à¶à¶½ à¶¶à·à· à¶´à·à¶»à·à¶±à· à¶¶à·à¶¸à·à¶à·à¶§à·à· à·à·à¶à·à¶±à·à¶¸à¶§,"Rs 165,000 per perch","Gampaha, Land For Sale"
Samsung Galaxy S23 Ultra 12GB 256GB (Used),"Rs 149,999","Colombo, Mobile Phones"
MSI Pro MP273 E14A 27 Inch 144Hz 1ms FHD IPS Productivity Monitor,"Rs 44,990","Colombo, Computer Accessories"
Nissan Dayz 2024 - Rent,"Rs 5,500","Colombo, Rentals"
Xiaomi Redmi Note 15 6GB/128GB (Brand New),"Rs 69,490","Colombo, Mobile Phones"
A 20 PERCHES LAND WITH TWO STORY HOUSE In NEARBY HIGH LEVEL ROAD,"Rs 79,000,000","Colombo, Houses For Sale"
TVS Ntorq 125 Brand New 2026,"Rs 169,900","Colombo, Motorbikes"
Elegance Land Plots for Sale in Ja Ela Kotugoda,"Rs 395,000 per perch","Gampaha, Land For Sale"
TVS Ntorq 125 2026,"Rs 195,900","Kalutara, Motorbikes"
"Grocery, Supermarket POS Billing Wholesale & Retail with Stock Manage","Rs 20,000","Colombo, Computer Accessories"
Apartment for Sale Under Construction -Colombo 6,"Rs 48,000,000","Colombo, Apartments For Sale"
Tata Dimo Batta 2010,"Rs 1,625,000","Kurunegala, Lorries & Trucks"
Samsung Galaxy S24 Ultra Display Replacement,"Rs 50,000","Colombo, Mobile Spare Parts"
Samsung Galaxy A15 (Used),"Rs 35,000","Colombo, Mobile Phones"
Bajaj RE Three Wheeler 2008,"Rs 400,000","Badulla, Three Wheelers"
Samsung Galaxy S22 Ultra 8GB 128GB (Used),"Rs 110,500","Colombo, Mobile Phones"
Toyota Premio G superior 2017,"Rs 14,200,000","Colombo, Cars"
Box Type Modern Single Storey House For Sale In Kahathuduwa,"Rs 22,500,000","Colombo, Houses For Sale"
Granite Coffee Table,"Rs 16,000","Colombo, Furniture"
Nissan March K12 2007,"Rs 4,325,000","Gampaha, Cars"
Commode Chair With Wheels Height Adjustable,"Rs 19,500","Colombo, Healthcare, Medical Equipment & Supplies"
Apple iPhone 14 Pro Max 256GB (Used),"Rs 167,000","Ratnapura, Mobile Phones"
Modern House for Rent in Dehiwala,"Rs 250,000 /month","Colombo, House Rentals"
Altair - Unfurnished Apartment for Sale A42691,"Rs 340,400,000","Colombo, Apartments For Sale"
Toyota Yaris Cross 2025,"Rs 17,300,000","Colombo, Cars"
l sofa,"Rs 69,000","Colombo, Furniture"
Samsung Galaxy A20 3GB 32GB (Used),"Rs 8,900","Colombo, Mobile Phones"
Patient Air Mattress,"Rs 11,000","Colombo, Healthcare, Medical Equipment & Supplies"
Trizen - Furnished Apartment for Rent A42347,"Rs 535,000 /month","Colombo, Apartment Rentals"
Vivo Y20 2020 (Used),"Rs 19,000","Badulla, Mobile Phones"
Full Set Pc,"Rs 30,000","Kegalle, Computers & Tablets"
Granite Dining Table with Chairs,"Rs 49,000","Colombo, Furniture"
Apple iPhone 12 Pro 256GB (Used),"Rs 97,999","Colombo, Mobile Phones"
Electric Four Function Patient Beds,"Rs 275,000","Colombo, Healthcare, Medical Equipment & Supplies"
Manual Two Crank Patient Hospital Bed,"Rs 100,000","Colombo, Healthcare, Medical Equipment & Supplies"
à¶à·à·à¶¹ - à¶¸à·à¶à¶¸à·à· à¶´à·âà¶»à¶°à·à¶± à¶´à·à¶»à¶§ à·à¶¸à·à¶´à· à¶¯à·à¶¸à·à¶½à· à¶±à·à·à·à¶à· à·à·à¶à·à¶«à·à¶¸à¶§.,"Rs 29,000,000","Gampaha, Houses For Sale"
SanDisk Ultra microSDXC UHS-I Memory Card,"Rs 3,800","Colombo, Computer Accessories"
Queen Sofa Set,"Rs 108,000","Colombo, Furniture"
Hero Hunk Double Disc 2020,"Rs 675,000","Colombo, Motorbikes"
Apple iPhone 15 128GB GENXT (Brand New),"Rs 227,900","Gampaha, Mobile Phones"
Apple iPhone X 256GB (Used),"Rs 48,000","Colombo, Mobile Phones"
House For Sale With Furniture,"Rs 3,000,000","Colombo, Houses For Sale"
Samsung Galaxy F55 12GB 256GB (Used),"Rs 59,500","Colombo, Mobile Phones"
Solidek manual tile cutter Herman HT 0471,"Rs 27,000","Colombo, Industry Tools & Machinery"
Rent a Car - Mitsubishi Montero Sport,"Rs 10,850","Gampaha, Rentals"
Samsung Galaxy S25 Ultra Display Replacement,"Rs 60,000","Colombo, Mobile Spare Parts"
TVS Ntorq 125 Brand New 2026,"Rs 299,900","Colombo, Motorbikes"
Oppo F29 Pro 5G 8GB 128GB (Used),"Rs 48,500","Colombo, Mobile Phones"
Apple iPhone 11 128GB (Used),"Rs 69,997","Gampaha, Mobile Phones"
Samsung Galaxy S26 Ultra Genuine Display Replacement,"Rs 116,000","Colombo, Mobile Spare Parts"
Rent a Car Honda Vezel 2025,"Rs 12,330","Colombo, Rentals"
Bajaj RE 2005,"Rs 1,010,000","Gampaha, Three Wheelers"
Land for Sale in Wellampitiya,"Rs 1,600,000 per perch","Colombo, Land For Sale"
Mixing Machine,"Rs 1,875,000","Colombo, Industry Tools & Machinery"
Large Commercial Building For Rent in Colombo 10,"Rs 18,000,000 /month","Colombo, Commercial Property Rentals"
à¶à¶©à·à¶­ à·à·à¶¶à¶© à¶±à·à·à·à·à·à¶ à¶¶à·à¶¸à·à¶à·à¶§à·à· à·à·à¶à·à¶±à·à¶¸à¶§,"Rs 555,000 per perch","Gampaha, Land For Sale"
Xiaomi Redmi Note 11R 8GB 256GB 5G (Used),"Rs 21,999","Colombo, Mobile Phones"
All completed Brand New House Sale Athurugiriya,"Rs 27,500,000","Colombo, Houses For Sale"
Delivery Rider - Wattala,"Rs 60,000 - 110,000","Colombo, Delivery Rider"
Premium Residential Land for Sale | Gorakana K27,"Rs 1,025,000 per perch","Colombo, Land For Sale"
Bajaj Pulsar 180 2011,"Rs 190,000","Kandy, Motorbikes"
Touchscreen - IBM Lenovo ThinkPad Yoga 260,"Rs 49,000","Colombo, Computers & Tablets"
Malaysian Pidali Grass,Rs 35,"Colombo, Garden"
LG 43 INCH UHD AI 4K SMART TV (UA8450 ),"Rs 140,000","Colombo, TVs"
Apple iPhone 12 128GB (Used),"Rs 79,000","Kandy, Mobile Phones"
Samsung Galaxy S23 FE 8GB 128GB (Used),"Rs 89,490","Colombo, Mobile Phones"
Holiday Bungalow for Short Term Rent - Jaffna,"Rs 11,500 /night","Jaffna, Holiday & Short-Term Rental"
Samsung Galaxy A24 6GB 128GB (Used),"Rs 33,500","Colombo, Mobile Phones"
Luxury Apartment for Rent in Kalubowila- PDA386,"Rs 250,000 /month","Colombo, Apartment Rentals"
Mitsubishi Outlander 2.4L Petrol 4WD 2011,"Rs 10,400,000","Colombo, Cars"
Toyota Axio - for Rent,"Rs 7,000","Gampaha, Rentals"
Audi Q7 Quattro 2017,"Rs 28,000,000","Colombo, Cars"
à¶à¶¸à·à¶´à· à¶±à¶à¶»à·à¶¶à· à·à·à¶¸à·à·à·à¶±à· à·à·âà¶ºà·à¶´à·à¶»à·à¶ à¶±à·à·à·à·à·à¶ à¶¶à·à¶¸à·à¶à·à¶§à·à·,"Rs 1,225,000 per perch","Gampaha, Land For Sale"
Lorry For Hire/House Movers 24Ã7,,"Colombo, Auto Services"
Brand New 9ft Pool Table,"Rs 330,000","Colombo, Other Hobby, Sport & Kids Items"
Two Storied Brand New House Sale Athurugiriya,"Rs 35,500,000","Colombo, Houses For Sale"
"Moratuwa, Wearhouse For Rent (MG1183)","Rs 1,400,000 /month","Colombo, Commercial Property Rentals"
Sale Talawatugoda 4th Floor Brand New Apartment (MGS2029),"Rs 35,500,000","Colombo, Houses For Sale"
"Sale Battarmulla, Single Story House (ZMS3020)","Rs 55,000,000","Colombo, Houses For Sale"
"Kotte, Luxurious Spacious Beautiful Furnished ,House For Rent (MG1175)","Rs 750,000 /month","Colombo, House Rentals"
"JKS 16"" STAND FAN 60W (POWER FULL MOTOR) FS-40A25 GREY","Rs 6,980","Gampaha, Electronic Home Appliances"
"Mount Lavinia, LEASE/RENT 1st Floor, Semi Furnished House (ZM1039)","Rs 140,000 /month","Colombo, House Rentals"
"JKS 16"" STAND FAN 60W (POWER FULL MOTOR) FS-40A25 GREY","Rs 6,980","Colombo, Electronic Home Appliances"
Samsung Galaxy A06 (Used),"Rs 23,000","Colombo, Mobile Phones"
HP EliteBook 840 G6 Laptop,"Rs 100,000","Batticaloa, Computers & Tablets"
HP 15 Ryzen 5 \7520U 15.6 inch Full HD\8GB DDR5 Ram,"Rs 189,000","Colombo, Computers & Tablets"
Xiaomi Redmi Note 15 6GBRam 128GB Blue (Brand New),"Rs 64,990","Colombo, Mobile Phones"
HP 15 Ryzen 5 -7520U 15.6 inch Full HD -8GB DDR5 Ram,"Rs 186,000","Colombo, Computers & Tablets"
Patient Air Mattresses,"Rs 10,500","Colombo, Healthcare, Medical Equipment & Supplies"
Patient Air Mattresses,"Rs 10,500","Colombo, Healthcare, Medical Equipment & Supplies"
Patient Air Mattresses,"Rs 10,500","Colombo, Healthcare, Medical Equipment & Supplies"
Patient Air Mattresses,"Rs 10,500","Colombo, Healthcare, Medical Equipment & Supplies"
Patient Air Mattresses,"Rs 10,500","Colombo, Healthcare, Medical Equipment & Supplies"
Oppo Reno 12 5G 256GB (Used),"Rs 59,500","Colombo, Mobile Phones"
Patient Air Mattresses,"Rs 10,500","Colombo, Healthcare, Medical Equipment & Supplies"
Patient Air Mattresses,"Rs 10,500","Colombo, Healthcare, Medical Equipment & Supplies"
Patient Air Mattresses,"Rs 10,500","Colombo, Healthcare, Medical Equipment & Supplies"
Patient Air Mattresses,"Rs 10,500","Colombo, Healthcare, Medical Equipment & Supplies"
Patient Air Mattresses,"Rs 10,500","Colombo, Healthcare, Medical Equipment & Supplies"
Patient Air Mattresses,"Rs 10,500","Colombo, Healthcare, Medical Equipment & Supplies"
Apple iPhone 13 Pro Max 256GB (Used),"Rs 165,000","Kandy, Mobile Phones"
Sales Assistant - Mount Lavinia,,"Colombo, Sales and Marketing"
"Restaurant POS Billing with Sales, Table & KOT/BOT Management.","Rs 20,000","Colombo, Computer Accessories"
Wagon R Stingray 2018 Car for Rent,"Rs 125,000","Gampaha, Rentals"
Patient Air Mattresses,"Rs 10,500","Colombo, Healthcare, Medical Equipment & Supplies"
Honda Rebel 250 1982,"Rs 465,000","Colombo, Motorbikes"
Apple iPhone 15 Pro (Used),"Rs 190,000","Puttalam, Mobile Phones"
Patient Two Function Manual Hospital Beds,"Rs 135,000","Colombo, Healthcare, Medical Equipment & Supplies"
iPhone 17 Display Replacement,"Rs 49,000","Colombo, Mobile Spare Parts"
Patient Air Mattresses,"Rs 10,500","Colombo, Healthcare, Medical Equipment & Supplies"
LG 86 Inch NanoCell NANO81 4K SMART TV,"Rs 1,150,000","Colombo, TVs"
Bajaj CT100 2008,"Rs 170,000","Kegalle, Motorbikes"
Reliable Car Carrier & 24/7 Recovery Service,,"Colombo, Auto Services"
23.2 Perch Price Land for Sale at Dehiwala Close to Zoo road.,"Rs 5,200,000 per perch","Colombo, Land For Sale"
à¶à·à¶»à·à¶¶à¶­à·à¶à·à¶© à¶¶à·à¶¸à·à¶à·à¶§à·à· à·à·à¶à·à¶±à·à¶¸à¶§,"Rs 1,950,000 per perch","Gampaha, Land For Sale"
HomePod mini,"Rs 44,990","Colombo, Other Electronics"
Toyota Premio G superior 2017,"Rs 14,200,000","Colombo, Cars"
Box Type Modern Single Storey House For Sale In Kahathuduwa,"Rs 22,500,000","Colombo, Houses For Sale"
Granite Coffee Table,"Rs 16,000","Colombo, Furniture"
Nissan March K12 2007,"Rs 4,325,000","Gampaha, Cars"
Commode Chair With Wheels Height Adjustable,"Rs 19,500","Colombo, Healthcare, Medical Equipment & Supplies"
Apple iPhone 14 Pro Max 256GB (Used),"Rs 167,000","Ratnapura, Mobile Phones"
Modern House for Rent in Dehiwala,"Rs 250,000 /month","Colombo, House Rentals"
Altair - Unfurnished Apartment for Sale A42691,"Rs 340,400,000","Colombo, Apartments For Sale"
Toyota Yaris Cross 2025,"Rs 17,300,000","Colombo, Cars"
l sofa,"Rs 69,000","Colombo, Furniture"
Samsung Galaxy A20 3GB 32GB (Used),"Rs 8,900","Colombo, Mobile Phones"
Patient Air Mattress,"Rs 11,000","Colombo, Healthcare, Medical Equipment & Supplies"
Trizen - Furnished Apartment for Rent A42347,"Rs 535,000 /month","Colombo, Apartment Rentals"
Vivo Y20 2020 (Used),"Rs 19,000","Badulla, Mobile Phones"
Full Set Pc,"Rs 30,000","Kegalle, Computers & Tablets"
Granite Dining Table with Chairs,"Rs 49,000","Colombo, Furniture"
Apple iPhone 12 Pro 256GB (Used),"Rs 97,999","Colombo, Mobile Phones"
Electric Four Function Patient Beds,"Rs 275,000","Colombo, Healthcare, Medical Equipment & Supplies"
Manual Two Crank Patient Hospital Bed,"Rs 100,000","Colombo, Healthcare, Medical Equipment & Supplies"
à¶à·à·à¶¹ - à¶¸à·à¶à¶¸à·à· à¶´à·âà¶»à¶°à·à¶± à¶´à·à¶»à¶§ à·à¶¸à·à¶´à· à¶¯à·à¶¸à·à¶½à· à¶±à·à·à·à¶à· à·à·à¶à·à¶«à·à¶¸à¶§.,"Rs 29,000,000","Gampaha, Houses For Sale"
SanDisk Ultra microSDXC UHS-I Memory Card,"Rs 3,800","Colombo, Computer Accessories"
Queen Sofa Set,"Rs 108,000","Colombo, Furniture"
Hero Hunk Double Disc 2020,"Rs 675,000","Colombo, Motorbikes"
Apple iPhone 15 128GB GENXT (Brand New),"Rs 227,900","Gampaha, Mobile Phones"
Apple iPhone X 256GB (Used),"Rs 48,000","Colombo, Mobile Phones"
TVS Ntorq 125 2026,"Rs 195,900","Colombo, Motorbikes"
Xiaomi Redmi Note 14 Pro Plus 12GB/512 5G (Brand New),"Rs 123,990","Colombo, Mobile Phones"
Home visit LCD LED TV repair - Colombo,,"Colombo, Domestic Services"
Oppo A3 5G (Used),"Rs 24,500","Batticaloa, Mobile Phones"
TVS Sport 2026,"Rs 195,000","Colombo, Motorbikes"
Samsung Galaxy A07 (Used),"Rs 42,000","Ratnapura, Mobile Phones"
CHIQ 12000BTU Smart inverter with wifi Barnd new R32 Gas,"Rs 122,500","Colombo, Air Conditions & Electrical fittings"
Wedding Kurta Set,"Rs 12,000","Colombo, Clothing"
Xiaomi 12 Lite REDMI SMART PHONE (Used),"Rs 36,900","Galle, Mobile Phones"
Two Story House with 4 Bed Rooms 2 Bathroom Construction,"Rs 10,800,000","Colombo, Trade Services"
Air Buds,"Rs 2,500","Kandy, Mobile Phone Accessories"
House for sale Wattala,"Rs 14,000,000","Gampaha, Houses For Sale"
Samsung Galaxy S23 8GB 128GB (Used),"Rs 89,500","Colombo, Mobile Phones"
PANTRY CUPBOARD-WORK,"Rs 15,500","Colombo, Trade Services"
PANTRY CUPBOARD- WORK WOOD PVC ALUMINUM,"Rs 15,500","Gampaha, Trade Services"
à¶¶à·à¶¸à·à¶à·à¶§à·à· à·à·à¶à·à¶«à·à¶¸à¶§ à¶±à¶ºà·à·à¶½ 211à¶¶à·à· à¶´à·à¶»à¶§ à¶¸à·à¶ºà·à¶±à·à·,"Rs 475,000 per perch","Gampaha, Land For Sale"
PANTRY CUPBOARD WORK- ALUMINUM WOOD PVC,"Rs 15,500","Gampaha, Trade Services"
PANTRY CUPBOARD WORK- GAMPAHA,"Rs 15,500","Gampaha, Trade Services"
PANTRY CUPBOARD WORK- WOOD PVC ALUMINUM,"Rs 15,500","Gampaha, Trade Services"
Farm Chick,Rs 280,"Mullativu, Farm Animals"
Ladies Cycle Vendum,,"Jaffna, Bicycles"
Adidas Weightlift Shoes,"Rs 6,000","Kandy, Shoes & Footwear"
Apple iPhone 13 Pro 256GB (Used),"Rs 131,990","Colombo, Mobile Phones"
Apple iPhone 11 128GB (Used),"Rs 59,900","Kandy, Mobile Phones"
Toyota Carina AT150 1986,"Rs 1,300,000","Gampaha, Cars"
Tata Dimo Batta Used 2007,"Rs 1,300,000","Puttalam, Lorries & Trucks"
à®à®°à¯ à®à¯à®µà®²à¯,"Rs 2,800","Jaffna, Pets"
6 BEDROOM 2 STORY HOUSE SALE IN JA- ELA TOWN,"Rs 32,500,000","Gampaha, Houses For Sale"
Malaysian Grass,Rs 35,"Gampaha, Garden"
BMW 535I Steering Rack,"Rs 10,000","Colombo, Auto Parts & Accessories"
Apple iPhone 11 (Used),"Rs 48,000","Kurunegala, Mobile Phones"
Rent A Car,"Rs 12,000","Gampaha, Rentals"
Moto E40 (Used),"Rs 21,000","Colombo, Mobile Phones"
Apple iPhone 11 128GB (Used),"Rs 56,000","Kandy, Mobile Phones"
LG 86 INCH UT8050 UHD 4K SMART TV,"Rs 999,000","Colombo, TVs"
Customize T Shirts,"Rs 1,500","Kalutara, Clothing"
Samsung Galaxy A07 256GB (Used),"Rs 33,500","Colombo, Mobile Phones"
Huawei Y5 (Used),"Rs 8,000","Gampaha, Mobile Phones"
DICKEY DOOR GP5,"Rs 75,000","Gampaha, Auto Parts & Accessories"
Samsung S26 Ultra 12GB 256GB (Brand New),"Rs 458,990","Colombo, Mobile Phones"
Commode Chair Gray,"Rs 11,000","Colombo, Healthcare, Medical Equipment & Supplies"
Hero Splendor i smart 2019,"Rs 245,000","Colombo, Motorbikes"
Yamaha Ray ZR 2019,"Rs 270,000","Colombo, Motorbikes"
Apple Watch Ultra 3 Milanese Loop,"Rs 235,000","Kandy, Smart Watches & Fitness Bands"
Fully Furnished Apartment For Rent In On320 Colombo 02 [ 122 A ],"Rs 350,000 /month","Colombo, Apartment Rentals"
Dialog Dish TV Decoder Mini Hub,"Rs 5,500","Kandy, TV & Video Accessories"
Yamaha FZ S 2018,"Rs 850,000","Gampaha, Motorbikes"
Study Desk,"Rs 13,500","Matara, Furniture"
Oppo A31 8GB|256GB (Used),"Rs 13,490","Colombo, Mobile Phones"
Samsung Galaxy Note 10 5G (Used),"Rs 40,000","Badulla, Mobile Phones"
Samsung Galaxy Note 10 5G (Used),"Rs 40,000","Badulla, Mobile Phones"
Lenovo IdeaPad 1 Core i3 12th Gen 15.6 IPS Touch 8GB 256GB NVMe Laptop,"Rs 97,989","Colombo, Computers & Tablets"
Single house sale in Ja Ela,"Rs 9,000,000","Gampaha, Houses For Sale"
Brand New Electric Bicycle,"Rs 190,000","Colombo, Bicycles"
Brand New HP 15 core i3 -13th Gen Fingerprint -8GB RAM -256GB SSD,"Rs 153,000","Colombo, Computers & Tablets"
Keyboard with Mouse,"Rs 3,000","Ampara, Computer Accessories"
Highly Valuable Land for Sale in Malabe,"Rs 2,100,000 per perch","Colombo, Land For Sale"
Samsung Galaxy S21 FE 6GB 128GB (Used),"Rs 54,990","Colombo, Mobile Phones"
Yadea T5 Blue 2025,"Rs 200,000","Gampaha, Motorbikes"
This Brand New 2 Story House For Sale @ Negombo,"Rs 35,000,000","Gampaha, Houses For Sale"
Yamaha MT 15 2025,"Rs 1,475,000","Jaffna, Motorbikes"
Farm Goat,"Rs 78,000","Jaffna, Farm Animals"
Blackview Tab Mega 2|12GB|256GB,"Rs 72,490","Colombo, Computers & Tablets"
Apple iPhone 17 pro Back Cover Glass,"Rs 12,500","Colombo, Mobile Spare Parts"
DDR3 Laptop RAM,"Rs 6,250","Jaffna, Computer Accessories"
I5 6gen Pc with Monitor,"Rs 65,000","Ratnapura, Computers & Tablets"
Bus for Hire 21-29 Seating,Rs 149,"Gampaha, Auto Services"
Xiaomi Redmi 15C 8GB/256GB (Brand New),"Rs 51,990","Colombo, Mobile Phones"
Oppo A54 (Used),"Rs 13,000","Colombo, Mobile Phones"
ZTE Blade A55 (Used),"Rs 22,000","Colombo, Mobile Phones"
Grinder,"Rs 7,000","Kandy, Electronic Home Appliances"
Used Bed,"Rs 12,000","Colombo, Furniture"
Malabe - Apartment for sale,"Rs 38,000,000","Colombo, Apartments For Sale"
Honda Dio 2017,"Rs 515,000","Kalutara, Motorbikes"
Malata Karaoke Speaker with 2 Mics,"Rs 169,000","Gampaha, Musical Instruments"
Rice Cooker,"Rs 5,000","Kandy, Electronic Home Appliances"
Midea Dish Washer (MID-WQP12W763),"Rs 179,800","Gampaha, Industry Tools & Machinery"
Water Geyser Delmege 15 L (DWG-02),"Rs 39,800","Gampaha, Bathroom & Sanitary ware"
Samsung TV,"Rs 39,000","Colombo, TVs"
Xiaomi Redmi 15 8GB/256GB 5030mAh (Brand New),"Rs 60,490","Colombo, Mobile Phones"
Delmege Water Heater with Pump,"Rs 49,800","Gampaha, Bathroom & Sanitary ware"
Philips Beard Trimmer (BT-1230-18),"Rs 4,900","Gampaha, Beauty Products"
Apple iPhone 11 Pro 256GB (Used),"Rs 72,000","Kandy, Mobile Phones"
Back & Decker Juice Extractor (JE250),"Rs 16,900","Gampaha, Electronic Home Appliances"
Xiaomi Redmi 15C 6GB/128GB 5000mAh (Brand New),"Rs 46,490","Colombo, Mobile Phones"
Apple iPhone 11 Pro 64GB (Used),"Rs 53,000","Colombo, Mobile Phones"
Clear Power Mixer (CPM-8505),"Rs 32,900","Gampaha, Electronic Home Appliances"
Pioneer Car Speakers,"Rs 10,000","Colombo, Auto Parts & Accessories"
Apple iPhone 13 Pro Max (Used),"Rs 140,000","Jaffna, Mobile Phones"
Hero Dash 2016,"Rs 300,000","Colombo, Motorbikes"
Black and Decker Egg Cooker (EG200-B5),"Rs 6,900","Gampaha, Electronic Home Appliances"
"TCL 43"" Full HD Google Smart Tv (TCL43S5400)","Rs 105,000","Gampaha, TVs"
"Saikon Table Fan 16"" - (SKFT-640)","Rs 6,500","Gampaha, Air Conditions & Electrical fittings"
Swanggi,Rs 200,"Batticaloa, Pets"
Samsung Galaxy S21 Plus 8GB 128GB (Used),"Rs 63,500","Colombo, Mobile Phones"
Xiaomi Redmi 15 6GB/128GB (Brand New),"Rs 52,990","Colombo, Mobile Phones"
Car Set/ Threewheel Buffle,"Rs 28,500","Badulla, Auto Parts & Accessories"
Blackview Tab 90 Lite 8GB|128GB,"Rs 47,490","Colombo, Computers & Tablets"
Samsung M14 (Used),"Rs 25,000","Polonnaruwa, Mobile Phones"
Asus Rog Strix Gaming Laptop,"Rs 310,000","Colombo, Computers & Tablets"
Commode Chair Height Adjustable,"Rs 14,990","Colombo, Healthcare, Medical Equipment & Supplies"
Toyota Premio G superior 2017,"Rs 14,200,000","Colombo, Cars"
Box Type Modern Single Storey House For Sale In Kahathuduwa,"Rs 22,500,000","Colombo, Houses For Sale"
Granite Coffee Table,"Rs 16,000","Colombo, Furniture"
Nissan March K12 2007,"Rs 4,325,000","Gampaha, Cars"
Commode Chair With Wheels Height Adjustable,"Rs 19,500","Colombo, Healthcare, Medical Equipment & Supplies"
Apple iPhone 14 Pro Max 256GB (Used),"Rs 167,000","Ratnapura, Mobile Phones"
Modern House for Rent in Dehiwala,"Rs 250,000 /month","Colombo, House Rentals"
Altair - Unfurnished Apartment for Sale A42691,"Rs 340,400,000","Colombo, Apartments For Sale"
Toyota Yaris Cross 2025,"Rs 17,300,000","Colombo, Cars"
l sofa,"Rs 69,000","Colombo, Furniture"
Samsung Galaxy A20 3GB 32GB (Used),"Rs 8,900","Colombo, Mobile Phones"
Patient Air Mattress,"Rs 11,000","Colombo, Healthcare, Medical Equipment & Supplies"
Trizen - Furnished Apartment for Rent A42347,"Rs 535,000 /month","Colombo, Apartment Rentals"
Vivo Y20 2020 (Used),"Rs 19,000","Badulla, Mobile Phones"
Full Set Pc,"Rs 30,000","Kegalle, Computers & Tablets"
Granite Dining Table with Chairs,"Rs 49,000","Colombo, Furniture"
Apple iPhone 12 Pro 256GB (Used),"Rs 97,999","Colombo, Mobile Phones"
Electric Four Function Patient Beds,"Rs 275,000","Colombo, Healthcare, Medical Equipment & Supplies"
Manual Two Crank Patient Hospital Bed,"Rs 100,000","Colombo, Healthcare, Medical Equipment & Supplies"
à¶à·à·à¶¹ - à¶¸à·à¶à¶¸à·à· à¶´à·âà¶»à¶°à·à¶± à¶´à·à¶»à¶§ à·à¶¸à·à¶´à· à¶¯à·à¶¸à·à¶½à· à¶±à·à·à·à¶à· à·à·à¶à·à¶«à·à¶¸à¶§.,"Rs 29,000,000","Gampaha, Houses For Sale"
SanDisk Ultra microSDXC UHS-I Memory Card,"Rs 3,800","Colombo, Computer Accessories"
Queen Sofa Set,"Rs 108,000","Colombo, Furniture"
Hero Hunk Double Disc 2020,"Rs 675,000","Colombo, Motorbikes"
Apple iPhone 15 128GB (Brand New),"Rs 227,900","Gampaha, Mobile Phones"
Oberri Shoes,"Rs 8,000","Puttalam, Shoes & Footwear"
Bajaj RE 2002,"Rs 770,000","Colombo, Three Wheelers"
iqoo Z6 Pro (Used),"Rs 34,500","Kegalle, Mobile Phones"
Honda PCX 125 2025,"Rs 1,715,000","Gampaha, Motorbikes"
Blackview Tab 60 Pro 4GB|128GB,"Rs 42,990","Colombo, Computers & Tablets"
Koi Guppy- Sword Tail,Rs 80,"Batticaloa, Pets"
iPhone 16 Pro Display Replacement,"Rs 45,000","Colombo, Mobile Spare Parts"
Dj Controller GRV6,"Rs 300,000","Jaffna, Musical Instruments"
kdh 223 new 2025 van hire / tour 15 seat,Rs 100,"Colombo, Auto Services"
Nissan Dayz ProPilot HWS 2024,"Rs 8,700,000","Colombo, Cars"
Male Goats,"Rs 95,000","Gampaha, Farm Animals"
Frock,"Rs 1,500","Colombo, Clothing"
Yamaha SZR 2014,"Rs 290,000","Gampaha, Motorbikes"
Dehiwala Main Road Facing 15 Perches Land For Sale,"Rs 8,000,000 per perch","Colombo, Land For Sale"
Nugegoda Pagoda Road 14 Perches Land With House For Sale,"Rs 6,000,000 per perch","Colombo, Land For Sale"
Apple iPhone 11 Pro 64GB (Used),"Rs 74,990","Colombo, Mobile Phones"
3BR Apartment For Sale in Colombo 3 - PDA382,"Rs 110,000,000","Colombo, Apartments For Sale"
Piliyandala Mampe Luxury House for Sale,"Rs 100,000,000","Colombo, Houses For Sale"
Rathmalana Attidiya Road House for Sale,"Rs 85,000,000","Colombo, Houses For Sale"
"2 Storey 6 Rooms house sale in Ja Ela, Town","Rs 33,000,000","Gampaha, Houses For Sale"
BMW 535I Head Light LHS,"Rs 10,000","Colombo, Auto Parts & Accessories"
"Uber Tuk Driver Partner - Colombo..,","Rs 150,000 - 250,000","Colombo, Driver"
Papiliyana Sirimal mawatha 23Perches Land With House For Sale,"Rs 3,000,000 per perch","Colombo, Land For Sale"
Giant Gourami,"Rs 10,000","Anuradhapura, Pets"
High Value LAnd Plots For Sale Minuwangoda,"Rs 675,000 per perch","Gampaha, Land For Sale"
Female Half Dummy,"Rs 15,000","Gampaha, Other"
à·à·à¶½à· à¶ºà·à¶ºà¶à¶§ à¶¸à·à·à·à¶«à¶½à· à·à¶¸à¶à· à¶¸à·à·à¶­ - à¶´à·à¶½à·à¶à·à·à¶à·à·à¶§ 120 à¶¶à·à· à¶´à·à¶»à¶§ à¶à·à·à¶¯à·à¶± à¶¯à·à¶»à·à¶±à·,"Rs 5,100,000 total price","Colombo, Land For Sale"
Realme C20 2GB 32GB (Used),"Rs 14,500","Colombo, Mobile Phones"
Water Tank S-Lon 2000 L with 800,"Rs 35,000","Colombo, Garden"
Blackview Tab 20 Wifi 4GB|64GB,"Rs 27,990","Colombo, Computers & Tablets"
"Mira Stand Fan - 18"" (M-187)","Rs 21,900","Gampaha, Air Conditions & Electrical fittings"
This Brand New 2 Story House For Sale @ Negombo,"Rs 47,500,000","Gampaha, Houses For Sale"
Xiaomi Redmi A5 (Used),"Rs 24,000","Colombo, Mobile Phones"
Bajaj RE 2015,"Rs 1,525,000","Kalutara, Three Wheelers"
Shamo Chicks,"Rs 6,000","Kalutara, Pets"
Vacancy For Cashier,,"Colombo, Cashier"
Sofa Set,"Rs 55,000","Colombo, Furniture"
LG 65 INCH UHD AI 4K SMART TV (UA8450 ),"Rs 320,000","Colombo, TVs"
Scale,"Rs 90,000","Kandy, Industry Tools & Machinery"
Apple iPhone 12 128GB (Used),"Rs 48,500","Gampaha, Mobile Phones"
Pug Puppies,"Rs 75,000","Gampaha, Pets"
Refrigerator,"Rs 15,000","Colombo, Electronic Home Appliances"
Baby Walker,"Rs 3,500","Kandy, Children's Items"
Samsung Galaxy S24 Plus (Used),"Rs 145,500","Colombo, Mobile Phones"
Residential Land for Sale in Kotugoda,"Rs 400,000 per perch","Colombo, Land For Sale"
Anker Soundcore P30i R50i R60i NC Earbuds With 4 Ai Noise Reduction Mics,"Rs 6,500","Colombo, Mobile Phone Accessories"
Honda CRV VTi-L Turbo 2018,"Rs 17,300,000","Colombo, Cars"
American Bully Puppies Xl,"Rs 250,000","Gampaha, Pets"
Land for Sale in Rajagiriya DS65,"Rs 4,900,000 per perch","Colombo, Land For Sale"
Delivery Rider - Anuradhapura,"Rs 60,000 - 110,000","Anuradhapura, Delivery Rider"
Delivery Rider - Anuradhapura,"Rs 60,000 - 110,000","Anuradhapura, Delivery Rider"
TAFE 45DI 2012,"Rs 2,000,000","Polonnaruwa, Tractors"
Suzuki Alto K10 2015,"Rs 4,150,000","Colombo, Cars"
Apple iPhone 7 Plus (Used),"Rs 22,000","Gampaha, Mobile Phones"
Non Ac Bus for Hire,Rs 168,"Kurunegala, Auto Services"
Rent A Car,"Rs 8,000","Gampaha, Rentals"
Aprilia SR 125 2019,"Rs 320,000","Kegalle, Motorbikes"
Commercial Office Space for Rent in Nawala (FILE NO 21C ),"Rs 370,000 /month","Colombo, Commercial Property Rentals"
Vivo Y30 2025 (Brand New),"Rs 75,000","Badulla, Mobile Phones"
Samsung Galaxy Tab A9 8GB|128GB,"Rs 61,990","Colombo, Computers & Tablets"
Xiaomi 12 Redmi MP (Used),"Rs 26,000","Kalutara, Mobile Phones"
DDR4 8GB RAM,"Rs 8,500","Gampaha, Computer Accessories"
Land for Sale in Horana,"Rs 2,600,000 total price","Kalutara, Land For Sale"
55 S Front Bumper,"Rs 60,000","Colombo, Auto Parts & Accessories"
24 inch 75hz IPS LED,"Rs 10,000","Colombo, Computer Accessories"
Samsung Galaxy A25 5G 128GB 50MP White (Used),"Rs 48,990","Colombo, Mobile Phones"
Old Dressing Table,"Rs 12,000","Colombo, Art & Collectibles"
Samsung Galaxy M33 (Used),"Rs 32,000","Colombo, Mobile Phones"
Soundking Powered Top,"Rs 78,000","Gampaha, Musical Instruments"
55 Fz Bonnet,"Rs 46,000","Colombo, Auto Parts & Accessories"
120 à¶¶à·à· à¶´à·à¶»à¶§ à¶à·à·à¶¯à·à¶± à¶¯à·à¶»à·à¶±à· à¶´à·à¶½à·à¶à·à·à¶à·à·à¶§ à¶à¶à¶±à· à¶¶à·à¶¸à· à¶à· à¶§à·à·,"Rs 850,000 per perch","Colombo, Land For Sale"
TVS Ntorq 125 XP 2026,"Rs 249,900","Colombo, Motorbikes"
Xiaomi Redmi 15C 4GB/128GB (Brand New),"Rs 42,490","Colombo, Mobile Phones"
Baby Jeep,"Rs 18,000","Gampaha, Other Hobby, Sport & Kids Items"
Datsun Bonnet,"Rs 38,000","Colombo, Auto Parts & Accessories"
Samsung Galaxy M33 (Used),"Rs 32,000","Gampaha, Mobile Phones"
Dell Latitude 6430U Laptop for Parts,"Rs 9,500","Gampaha, Computer Accessories"
Apple iPhone 11 Pro 256GB (Used),"Rs 79,999","Colombo, Mobile Phones"
Land Rover Range Sport Plug in hybrid 2019,"Rs 52,500,000","Colombo, Cars"
Gym Equipments Set,"Rs 13,000","Kurunegala, Sports & Fitness"
Omega Seamaster Watch,"Rs 29,500","Gampaha, Watches"
Prime Land for Sale in Attidiya â Dehiwala,"Rs 3,800,000 per perch","Colombo, Land For Sale"
Apple iPhone 12 128GB (Blue) (Used),"Rs 65,500","Colombo, Mobile Phones"
Apple iPhone 14 Plus 128GB | White (Used),"Rs 125,900","Colombo, Mobile Phones"
TAG Heuer AQUARACER DATE X BAMFORD,"Rs 550,000","Gampaha, Watches"
Apple iPhone 12 Pro (Used),"Rs 72,000","Badulla, Mobile Phones"
Panasonic Inverter 24000BTU,"Rs 95,000","Anuradhapura, Air Conditions & Electrical fittings"
Casio Edifice Watch,"Rs 19,500","Colombo, Watches"
Bajaj Pulsar 150 2011,"Rs 90,000","Kandy, Motorbikes"
44 s Mesh,"Rs 25,000","Colombo, Auto Parts & Accessories"
WIWU Neckband,"Rs 5,500","Colombo, Mobile Phone Accessories"
Bajaj RE 2013,"Rs 1,350,000","Colombo, Three Wheelers"
Female Half Dummy,"Rs 15,000","Gampaha, Other"
Bajaj RE 2015,"Rs 1,500,000","Anuradhapura, Three Wheelers"
LG Nanocell TV NANO81 65 INCH 4K SMART,"Rs 420,000","Colombo, TVs"
Samsung Galaxy Tab A9 4GB|64GB,"Rs 49,990","Colombo, Computers & Tablets"
CMF NOTHING NECKBAND PRO,"Rs 13,990","Colombo, Other Electronics"
Honda SL Daelim 1997,"Rs 370,000","Gampaha, Motorbikes"
Gopro Hero 11 Black,"Rs 65,000","Gampaha, Cameras & Camcorders"
Vacancy For Sales Assistant,,"Colombo, Sales and Marketing"
Mercedes Benz E240 2004,"Rs 9,850,000","Colombo, Cars"
Infinity Floor Standing Speakers,"Rs 54,500","Colombo, Audio & MP3"
Dell i3 11th Gen Laptop,"Rs 46,500","Colombo, Computers & Tablets"
Andbon Dry Cabinets 30C-30S-50S,"Rs 24,500","Kandy, Cameras & Camcorders"
Huawei MateBook D16 16GB RAM | 1TB SSD (NEW),"Rs 299,000","Colombo, Computers & Tablets"
MS Excel Essential Training,"Rs 20,000","Colombo, Vocational Institutes"
Toyota Axio G Grade 2015,"Rs 9,375,000","Badulla, Cars"
Rent A Car - Nissan x Trail,"Rs 9,333","Colombo, Rentals"
3 Bedroom Villa Near Nilaveli,"Rs 15,000 /night","Trincomalee, Holiday & Short-Term Rental"
Commercial Property Rent Galle,"Rs 130,000 /month","Galle, Commercial Property Rentals"
TVS Scooty Pep+ 2008,"Rs 160,000","Gampaha, Motorbikes"
Apple iPhone 12 mini 256GB (Used),"Rs 67,000","Anuradhapura, Mobile Phones"
à·à·à¶½à· à¶ºà·à¶ºà¶à¶§ à¶¸à·à·à·à¶«à¶½à· à¶´à·à¶½à·à¶à·à·à¶à·à·à¶§ à¶¶à·à· à¶´à·à¶»à¶§ à¶à·à·à¶¯à·à¶± à¶¯à·à¶»à·à¶±à· à¶¶à·à¶¸à· à¶à·à¶§à·à·,"Rs 5,100,000 total price","Colombo, Land For Sale"
Xiaomi Redmi A5 4GB/128GB 5000mAh (Brand New),"Rs 34,990","Colombo, Mobile Phones"
Infinix Hot 9 Play (Used),"Rs 22,000","Colombo, Mobile Phones"
Makita Grinder,"Rs 6,500","Kalutara, Industry Tools & Machinery"
Bajaj RE 2016,"Rs 1,485,000","Ratnapura, Three Wheelers"
Apple iPhone 8 256GB (Used),"Rs 24,000","Kandy, Mobile Phones"
"Uber Car Driver Partner - Colombo..,","Rs 150,000 - 250,000","Colombo, Driver"
Commode wheelchair With Fiber seat Arm Decline,"Rs 37,000","Colombo, Healthcare, Medical Equipment & Supplies"
Clothing Set,"Rs 15,000","Colombo, Clothing"
Samsung Galaxy A54 128GB (Used),"Rs 50,000","Colombo, Mobile Phones"
Apple iPhone 17 Pro Max eSIM (Brand New),"Rs 470,000","Colombo, Mobile Phones"
Samsung Galaxy S24 Ultra 5G 256GB 2000MP Grey (Used),"Rs 194,990","Colombo, Mobile Phones"
Brand new Luxury two storey house for sale kandana,"Rs 46,500,000","Gampaha, Houses For Sale"
Brand new Luxury two storey house for sale kandana,"Rs 46,500,000","Gampaha, Houses For Sale"
HP ProBook 645 G4 AMD Ryzen 7 PRO 2700U 8GB DDR4 RAM 256GB NVMe,"Rs 77,000","Colombo, Computers & Tablets"
2 BedR Apartment Rent in Canterbury Golf Piliyandala,"Rs 150,000 /month","Colombo, Apartment Rentals"
à¶´à·à¶½à·à¶à·à·à¶à·à·à¶§ à·à¶¸à¶à· à¶¸à·à·à¶­ à·à·à¶¯à¶à¶­à· à¶´à¶»à·à·à¶»à¶ºà¶ à·à·à¶½à· à¶ºà·à¶ºà¶à¶§ à¶¸à·à·à·à¶«à¶½à· à¶¶à·à¶¸à· à¶à·à¶§à·à·,"Rs 5,735,000 total price","Colombo, Land For Sale"
"Arpico Spring Mattress-72*36*7""","Rs 24,990","Colombo, Furniture"
Toyota Prius 2014,"Rs 12,300,000","Colombo, Cars"
Factory Laborer,,"Gampaha, Factory and Manufacturing"
German Shepherd Puppies,"Rs 49,000","Kandy, Pets"
"Land for Sale in Maharagama, Arawwala","Rs 1,725,000 per perch","Colombo, Land For Sale"
650VA|1200VA UPS PROLINK,"Rs 9,500","Colombo, Computer Accessories"
Ola Brass Items,"Rs 1,500","Kandy, Art & Collectibles"
Executive - Spare Parts,"Rs 40,000 - 60,000","Colombo, Other"
500GB Portable Hard Disk,"Rs 6,950","Colombo, Computer Accessories"
Singer Four Burner Cooker With Oven,"Rs 58,000","Kalutara, Kitchen items"
Nissan March K12 2004,"Rs 3,975,000","Colombo, Cars"
78 by 72 box bed with arpico spring mattress (E-23),"Rs 73,900","Colombo, Furniture"
Delivery Rider - Kandy,"Rs 60,000 - 110,000","Kandy, Delivery Rider"
"Laptop i7 8th Gen (Touch) 8GB RAM|256GB NVME (Dell) Wi-Fi |14"" FHD","Rs 83,950","Gampaha, Computers & Tablets"
"HP Probook 640 G8 core i5 11th Gen 8GB RAM 256GB NVMe 14"" used laptop","Rs 95,500","Colombo, Computers & Tablets"
Mahindra Maxximo Plus 2013,"Rs 1,300,000","Polonnaruwa, Lorries & Trucks"
Acer i3 14th Gen Touch,"Rs 90,500","Colombo, Computers & Tablets"
Bajaj Discover 2008,"Rs 335,000","Matale, Motorbikes"
Home Moving Service 14.5 ft Lorry For Hire Today,Rs 120,"Gampaha, Auto Services"
Half Vest,Rs 250,"Gampaha, Clothing"
Rottweiler Puppies,"Rs 50,000","Hambantota, Pets"
Rottweiler Puppies,"Rs 50,000","Hambantota, Pets"
Dining Table set âï¸à¶à·à·à¶»à·à¶¯à· à·à·à·à·,"Rs 37,200","Gampaha, Furniture"
Panasonic Mini Hi-Fi System,"Rs 70,000","Jaffna, Audio & MP3"
BMW 535I Head Light RHS,"Rs 10,000","Colombo, Auto Parts & Accessories"
LG 65 INCH UT7350 UHD 4K SMART TV,"Rs 295,000","Colombo, TVs"
dressing table (D-23),"Rs 13,900","Colombo, Furniture"
Samsung Galaxy A51 (Used),"Rs 30,000","Kalutara, Mobile Phones"
Sanan Goat,"Rs 30,000","Kandy, Farm Animals"
Toyota Land Cruiser Sahara V8 VX 2013,"Rs 44,900,000","Colombo, Cars"
BSc IT Degree Course,"Rs 300,000","Colombo, Higher Education"
Toyota Aqua 2015 Car for Rent,"Rs 6,000","Colombo, Rentals"
Land for Sale In Meepe School Road,"Rs 600,000 per perch","Colombo, Land For Sale"
Subaru WRX STI 2005,"Rs 16,000,000","Gampaha, Cars"
Single Storey House Sale in Negombo,"Rs 11,000,000","Gampaha, Houses For Sale"
Honda PCX160 2025,"Rs 1,975,000","Anuradhapura, Motorbikes"
Room For Rent in Kelaniya,"Rs 25,000 /month","Gampaha, Room & Annex Rentals"
Candler Light,"Rs 20,000","Gampaha, Other Electronics"
Honda Hornet 2006,"Rs 1,025,000","Galle, Motorbikes"
JBL TUNE 205BT,"Rs 11,500","Colombo, Other Electronics"
à¶´à·à¶½à·à¶à·à·à¶à·à·à¶§ à¶´à·à·à·à¶ºà¶±à·à¶¯à¶½ à·à·à¶¯à¶à¶­à· à¶´à¶»à·à·à¶»à¶ºà¶ à¶´à¶¯à·à¶à¶ à· à·à·à¶±à·à¶± à¶à¶©à¶¸,"Rs 5,100,000 total price","Colombo, Land For Sale"
Land in Thangalle,"Rs 1,500,000 per perch","Hambantota, Land For Sale"
Acer i3 13th Gen Laptop,"Rs 78,500","Colombo, Computers & Tablets"
Single Storey House Sale in Minuwangoda,"Rs 6,200,000","Gampaha, Houses For Sale"
Lion Shepherd Puppies,"Rs 35,000","Hambantota, Pets"
Toyota Yaris X 2023,"Rs 8,675,000","Colombo, Cars"
Silver Ring,"Rs 2,625","Kalutara, Jewellery"
Samsung Galaxy F07 50MP 4GBRam Green (Brand New),"Rs 33,490","Colombo, Mobile Phones"
Single Storey House Sale Ja Ela,"Rs 9,500,000","Gampaha, Houses For Sale"
Samsung Galaxy A17 4G 6GB 128GB (Brand New),"Rs 51,000","Colombo, Mobile Phones"
Furnished 3BR Apartment for Rent in Colombo 7 - PDA381,"Rs 690,000 /month","Colombo, Apartment Rentals"
Tri-Zen - 01 Bedroom Furnished Apartment for Sale in Colombo 02 (A5893),"Rs 63,000,000","Colombo, Apartments For Sale"
HP ProBook 650 G2 intel core i5 6300U 6th Gen 8GB DDR4 RAM 256GB NVMe,"Rs 69,000","Colombo, Computers & Tablets"
Assignments Dissertations Help,Rs 0,"Colombo, Other Education"
book rack (C-23),"Rs 13,800","Colombo, Furniture"
TVS Ntorq 125 Brand New 2021,"Rs 299,700","Colombo, Motorbikes"
Nissan Sunny EX SALOON N16 2007,"Rs 4,775,000","Colombo, Cars"
à¶½à·à¶»à·à¶»à¶® à¶»à·à¶ºà¶¯à·à¶»à¶±à· (à¶¶à¶» à·à·à·à¶±),"Rs 160,000 - 250,000","Gampaha, Driver"
Butyl Rubber Sealing Tape Door Window Snake Glue Sealant Headlight,"Rs 4,500","Kandy, Auto Parts & Accessories"
Hero Hunk 2019,"Rs 670,000","Ampara, Motorbikes"
Brand New House for Sale Athurugiriya,"Rs 24,000,000","Colombo, Houses For Sale"
Building for Sale Kurunegala,"Rs 62,500,000","Kurunegala, Commercial Properties For Sale"
Holiday Bungalow,"Rs 5,000 /night","Nuwara Eliya, Holiday & Short-Term Rental"
RO Water Filter,"Rs 15,000","Kurunegala, Other Home Items"
"SAMSUNG F24T450FQE 24"" Inch Full HD IPS Frameless HDMI Used Monitor","Rs 21,990","Colombo, Computer Accessories"
Metal Kitchen Sink,"Rs 13,500","Gampaha, Kitchen items"
TOA PA Power Amplifier,"Rs 80,000","Gampaha, Musical Instruments"
WORLDEN Vacuum Iron Table,"Rs 95,000","Colombo, Industry Tools & Machinery"
Land Rover Range Evoque Dynamic (Sport) 2012,"Rs 15,800,000","Gampaha, Cars"
Nissan Magnite Turbo CVT 2025,"Rs 9,600,000","Colombo, Cars"
Xiaomi Redmi Note 12 (Used),"Rs 19,500","Kurunegala, Mobile Phones"
TVS King 2015,"Rs 1,085,000","Colombo, Three Wheelers"
Restaurant Dining Table,"Rs 49,000","Colombo, Furniture"
Apple iPhone 12 Pro Max for Parts,"Rs 6,500","Colombo, Mobile Spare Parts"
Bajaj Discover 125 2006,"Rs 220,000","Gampaha, Motorbikes"
POS Software Package Solutions Stock Maintain System,"Rs 20,000","Colombo, Other Business Services"
JBL LIVE 100 BT,"Rs 12,990","Colombo, Other Electronics"
TVS Ntorq 125 Brand New 2026,"Rs 199,700","Colombo, Motorbikes"
Old Brass Items Set,"Rs 15,000","Kandy, Art & Collectibles"
Bus for Hire 26-33 Seating,Rs 159,"Gampaha, Auto Services"
Adidas Slides,"Rs 8,500","Kandy, Shoes & Footwear"
Yadea Ruibin ilectik baik 2025,"Rs 340,000","Galle, Motorbikes"
Nankang 31x10.5x15 AT Tyres with Steel Wheels,"Rs 50,000","Colombo, Auto Parts & Accessories"
Samsung Galaxy Watch Ultra 2025,"Rs 109,990","Colombo, Smart Watches & Fitness Bands"
Bajaj RE 2003,"Rs 785,000","Gampaha, Three Wheelers"
Brand New Luxury House for Rent in Talawathugoda Hokandara [ 225 H ],"Rs 250,000 /month","Colombo, House Rentals"
POS Budget Barcode Label Printer Software,"Rs 20,000","Colombo, Other Business Services"
Vivo Y93 (Used),"Rs 14,500","Vavuniya, Mobile Phones"
Lipsticks,Rs 800,"Colombo, Beauty Products"
2 GB Ram Card,"Rs 1,350","Colombo, Computer Accessories"
Granite Dining Table with Chairs,"Rs 69,000","Colombo, Furniture"
Mountain Bicycle,"Rs 20,000","Batticaloa, Bicycles"
Samsung Galaxy Watch 8 40MM,"Rs 68,990","Colombo, Smart Watches & Fitness Bands"
Bedside Table/Cupboard,"Rs 17,250","Gampaha, Furniture"
LG 65 INCH OLED EVO AI C5 4K SMART TV,"Rs 810,000","Colombo, TVs"
I5 4 Gen Computer,"Rs 63,000","Galle, Computers & Tablets"
"Laptop (HP) i5 11th Gen 14"" FHD (8GB RAM|256GB NVME) WEBCAM|Wi-Fi","Rs 97,650","Gampaha, Computers & Tablets"
Full Option Commode Wheel Chair Reclining,"Rs 49,500","Gampaha, Healthcare, Medical Equipment & Supplies"
Mercurial Sphygmomanometer With Stand (BP Meter),"Rs 19,990","Gampaha, Healthcare, Medical Equipment & Supplies"
Commode Chair Height Adjustable,"Rs 14,990","Colombo, Healthcare, Medical Equipment & Supplies"
Toyota Premio G superior 2017,"Rs 14,200,000","Colombo, Cars"
Box Type Modern Single Storey House For Sale In Kahathuduwa,"Rs 22,500,000","Colombo, Houses For Sale"
Granite Coffee Table,"Rs 16,000","Colombo, Furniture"
Nissan March K12 2007,"Rs 4,325,000","Gampaha, Cars"
Commode Chair With Wheels Height Adjustable,"Rs 19,500","Colombo, Healthcare, Medical Equipment & Supplies"
Apple iPhone 14 Pro Max 256GB (Used),"Rs 167,000","Ratnapura, Mobile Phones"
Modern House for Rent in Dehiwala,"Rs 250,000 /month","Colombo, House Rentals"
Altair - Unfurnished Apartment for Sale A42691,"Rs 340,400,000","Colombo, Apartments For Sale"
Toyota Yaris Cross 2025,"Rs 17,300,000","Colombo, Cars"
l sofa,"Rs 69,000","Colombo, Furniture"
Samsung Galaxy A20 3GB 32GB (Used),"Rs 8,900","Colombo, Mobile Phones"
Patient Air Mattress,"Rs 11,000","Colombo, Healthcare, Medical Equipment & Supplies"
Trizen - Furnished Apartment for Rent A42347,"Rs 535,000 /month","Colombo, Apartment Rentals"
Vivo Y20 2020 (Used),"Rs 19,000","Badulla, Mobile Phones"
Full Set Pc,"Rs 30,000","Kegalle, Computers & Tablets"
Granite Dining Table with Chairs,"Rs 49,000","Colombo, Furniture"
Apple iPhone 12 Pro 256GB (Used),"Rs 97,999","Colombo, Mobile Phones"
Electric Four Function Patient Beds,"Rs 275,000","Colombo, Healthcare, Medical Equipment & Supplies"
Manual Two Crank Patient Hospital Bed,"Rs 100,000","Colombo, Healthcare, Medical Equipment & Supplies"
à¶à·à·à¶¹ - à¶¸à·à¶à¶¸à·à· à¶´à·âà¶»à¶°à·à¶± à¶´à·à¶»à¶§ à·à¶¸à·à¶´à· à¶¯à·à¶¸à·à¶½à· à¶±à·à·à·à¶à· à·à·à¶à·à¶«à·à¶¸à¶§.,"Rs 29,000,000","Gampaha, Houses For Sale"
SanDisk Ultra microSDXC UHS-I Memory Card,"Rs 3,800","Colombo, Computer Accessories"
"Laptop (HP) i5 11th Gen 14"" FHD (8GB RAM|256GB NVME) WEBCAM|Wi-Fi","Rs 97,650","Gampaha, Computers & Tablets"
Full Option Commode Wheel Chair Reclining,"Rs 49,500","Gampaha, Healthcare, Medical Equipment & Supplies"
Mercurial Sphygmomanometer With Stand (BP Meter),"Rs 19,990","Gampaha, Healthcare, Medical Equipment & Supplies"
Commode Chair Height Adjustable,"Rs 14,990","Colombo, Healthcare, Medical Equipment & Supplies"
Toyota Premio G superior 2017,"Rs 14,200,000","Colombo, Cars"
Box Type Modern Single Storey House For Sale In Kahathuduwa,"Rs 22,500,000","Colombo, Houses For Sale"
Granite Coffee Table,"Rs 16,000","Colombo, Furniture"
Nissan March K12 2007,"Rs 4,325,000","Gampaha, Cars"
Commode Chair With Wheels Height Adjustable,"Rs 19,500","Colombo, Healthcare, Medical Equipment & Supplies"
Apple iPhone 14 Pro Max 256GB (Used),"Rs 167,000","Ratnapura, Mobile Phones"
Modern House for Rent in Dehiwala,"Rs 250,000 /month","Colombo, House Rentals"
Altair - Unfurnished Apartment for Sale A42691,"Rs 340,400,000","Colombo, Apartments For Sale"
Toyota Yaris Cross 2025,"Rs 17,300,000","Colombo, Cars"
l sofa,"Rs 69,000","Colombo, Furniture"
Samsung Galaxy A20 3GB 32GB (Used),"Rs 8,900","Colombo, Mobile Phones"
Patient Air Mattress,"Rs 11,000","Colombo, Healthcare, Medical Equipment & Supplies"
Trizen - Furnished Apartment for Rent A42347,"Rs 535,000 /month","Colombo, Apartment Rentals"
Vivo Y20 2020 (Used),"Rs 19,000","Badulla, Mobile Phones"
Full Set Pc,"Rs 30,000","Kegalle, Computers & Tablets"
Granite Dining Table with Chairs,"Rs 49,000","Colombo, Furniture"
Apple iPhone 12 Pro 256GB (Used),"Rs 97,999","Colombo, Mobile Phones"
Electric Four Function Patient Beds,"Rs 275,000","Colombo, Healthcare, Medical Equipment & Supplies"
Manual Two Crank Patient Hospital Bed,"Rs 100,000","Colombo, Healthcare, Medical Equipment & Supplies"
à¶à·à·à¶¹ - à¶¸à·à¶à¶¸à·à· à¶´à·âà¶»à¶°à·à¶± à¶´à·à¶»à¶§ à·à¶¸à·à¶´à· à¶¯à·à¶¸à·à¶½à· à¶±à·à·à·à¶à· à·à·à¶à·à¶«à·à¶¸à¶§.,"Rs 29,000,000","Gampaha, Houses For Sale"
SanDisk Ultra microSDXC UHS-I Memory Card,"Rs 3,800","Colombo, Computer Accessories"
3BR House for Sale in Kandy,"Rs 9,000,000","Kandy, Houses For Sale"
House for Sale Kirindiwela,"Rs 23,900,000","Gampaha, Houses For Sale"
"Laptop (HP) i5 11th Gen 14"" FHD (8GB RAM|256GB NVME) WEBCAM|Wi-Fi","Rs 97,650","Gampaha, Computers & Tablets"
Full Option Commode Wheel Chair Reclining,"Rs 49,500","Gampaha, Healthcare, Medical Equipment & Supplies"
Mercurial Sphygmomanometer With Stand (BP Meter),"Rs 19,990","Gampaha, Healthcare, Medical Equipment & Supplies"
Commode Chair Height Adjustable,"Rs 14,990","Colombo, Healthcare, Medical Equipment & Supplies"
Toyota Premio G superior 2017,"Rs 14,200,000","Colombo, Cars"
Box Type Modern Single Storey House For Sale In Kahathuduwa,"Rs 22,500,000","Colombo, Houses For Sale"
Granite Coffee Table,"Rs 16,000","Colombo, Furniture"
Nissan March K12 2007,"Rs 4,325,000","Gampaha, Cars"
Commode Chair With Wheels Height Adjustable,"Rs 19,500","Colombo, Healthcare, Medical Equipment & Supplies"
Apple iPhone 14 Pro Max 256GB (Used),"Rs 167,000","Ratnapura, Mobile Phones"
Modern House for Rent in Dehiwala,"Rs 250,000 /month","Colombo, House Rentals"
Altair - Unfurnished Apartment for Sale A42691,"Rs 340,400,000","Colombo, Apartments For Sale"
Toyota Yaris Cross 2025,"Rs 17,300,000","Colombo, Cars"
l sofa,"Rs 69,000","Colombo, Furniture"
Samsung Galaxy A20 3GB 32GB (Used),"Rs 8,900","Colombo, Mobile Phones"
Patient Air Mattress,"Rs 11,000","Colombo, Healthcare, Medical Equipment & Supplies"
Trizen - Furnished Apartment for Rent A42347,"Rs 535,000 /month","Colombo, Apartment Rentals"
Vivo Y20 2020 (Used),"Rs 19,000","Badulla, Mobile Phones"
Full Set Pc,"Rs 30,000","Kegalle, Computers & Tablets"
Granite Dining Table with Chairs,"Rs 49,000","Colombo, Furniture"
Apple iPhone 12 Pro 256GB (Used),"Rs 97,999","Colombo, Mobile Phones"
Electric Four Function Patient Beds,"Rs 275,000","Colombo, Healthcare, Medical Equipment & Supplies"
Manual Two Crank Patient Hospital Bed,"Rs 100,000","Colombo, Healthcare, Medical Equipment & Supplies"
Saanen Goat,"Rs 75,000","Kandy, Farm Animals"
Mahindra Maxximo Plus 2013,"Rs 1,300,000","Polonnaruwa, Lorries & Trucks"
Aquarium Fishes,"Rs 5,000","Matara, Pets"
Honda CRV 2018,"Rs 16,000,000","Colombo, Cars"
Peral White Honda Vezel for Rent,"Rs 12,500","Colombo, Rentals"
White chest of drawers,"Rs 28,500","Colombo, Furniture"
Samsung Galaxy A03 (Used),"Rs 15,000","Kalutara, Mobile Phones"
"Samsung 24"" Inch Full HD IPS Frameless HDMI Gaming Used Monitor","Rs 22,990","Colombo, Computer Accessories"
Lycan Gravel Bicycle,"Rs 88,000","Colombo, Bicycles"
Apple iPhone 13 Pro Max 256 GB (Used),"Rs 132,000","Trincomalee, Mobile Phones"
Walking distances to 120 road land for sale in Pogasowita,"Rs 850,000 per perch","Colombo, Land For Sale"
Meizu Lucky 08 5G 256GB 8GBRam (Brand New),"Rs 68,990","Colombo, Mobile Phones"
Separate House For Rent Rathmalana,"Rs 90,000 /month","Colombo, House Rentals"
MICRO SD CARD 64GB|128GB,"Rs 3,950","Colombo, Computer Accessories"
Kaluwara Dining Table with Chairs,"Rs 185,000","Gampaha, Furniture"
Beautiful Saree with Jewellery,"Rs 3,500","Colombo, Clothing"
Bajaj Discover 100 2013,"Rs 320,000","Gampaha, Motorbikes"
BMW 320I E90 Msport Seat Set,"Rs 10,000","Colombo, Auto Parts & Accessories"
Honda Dio 2019,"Rs 575,000","Matara, Motorbikes"
Hp i5 13th GEN Laptop,"Rs 135,500","Colombo, Computers & Tablets"
Apple iPhone 11 Pro (Used),"Rs 75,000","Anuradhapura, Mobile Phones"
Mahindra Maxximo Maximo Lorry 2014,"Rs 1,665,000","Puttalam, Lorries & Trucks"
Dell i5 8th GEN Laptop,"Rs 53,500","Colombo, Computers & Tablets"
Asus VivoBook i7 12th GEN Laptop,"Rs 128,500","Colombo, Computers & Tablets"
Vivo Y93 6GB/128GB (Used),"Rs 11,490","Colombo, Mobile Phones"
Vivo Y93 6GB/128GB (Used),"Rs 11,490","Colombo, Mobile Phones"
Hp i5 13th GEN Laptop,"Rs 120,000","Colombo, Computers & Tablets"
Computer Casing,"Rs 3,500","Colombo, Computer Accessories"
Toyota Hilux Travo Overland 2025,"Rs 28,500,000","Colombo, Cars"
Modern 4 Ft Fabric Lobby Chairs,"Rs 22,900","Colombo, Furniture"
Polgasowita Samagi MW Land for Sale Facing to Paddy field,"Rs 4,900,000 total price","Colombo, Land For Sale"
Lenovo i5 12th Gen Laptop,"Rs 110,500","Colombo, Computers & Tablets"
MODERN 4x2 MELAMINE BLK OFFICE TABLE WITH WIRE HOLE,"Rs 15,900","Colombo, Furniture"
Lenovo i5 13th Gen Laptop,"Rs 135,500","Colombo, Computers & Tablets"
Rooster,"Rs 2,200","Kandy, Pets"
kirillawala perfect Residential land for sale,"Rs 460,000 per perch","Gampaha, Land For Sale"
Acer i5 12th GEN Laptop,"Rs 120,000","Colombo, Computers & Tablets"
Honda Civic 1997,"Rs 4,275,000","Colombo, Cars"
Modern L 2Drawer American White 3D wardrobe,"Rs 37,900","Colombo, Furniture"
Hp I5 11 Gen Laptop,"Rs 90,000","Kurunegala, Computers & Tablets"
Lenovo i5 13th GEN Laptop,"Rs 135,500","Colombo, Computers & Tablets"
Modern Smart Side Cupboard American White Study Table,"Rs 21,500","Colombo, Furniture"
Modern 72x24â 10pcs BOX RACK,"Rs 22,500","Colombo, Furniture"
Hp i5 13th GEN Laptop,"Rs 120,000","Colombo, Computers & Tablets"
Oxford School French Dictionary,"Rs 3,200","Colombo, Music, Books & Movies"
Modern Olive Baby Cupboard with Mirror,"Rs 19,500","Colombo, Children's Items"
Hp i5 13th GEN Laptop,"Rs 120,000","Colombo, Computers & Tablets"
Fiber Plastic chair-Super Comfortable,"Rs 4,800","Gampaha, Furniture"
ASUS VIVOBOOK Core i5 14th GEN 8GB RAM 512GB NVME BRAND NEW,"Rs 189,000","Colombo, Computers & Tablets"
Dell i7 8th GEN Laptop,"Rs 73,500","Colombo, Computers & Tablets"
Rossmax Suction Unit V3,"Rs 59,990","Colombo, Healthcare, Medical Equipment & Supplies"
Suzuki Wagon R HYBRID ZX 2026,"Rs 9,275,000","Colombo, Cars"
3BR House for Sale in Kandy,"Rs 9,000,000","Kandy, Houses For Sale"
House for Sale Kirindiwela,"Rs 23,900,000","Gampaha, Houses For Sale"
"Laptop (HP) i5 11th Gen 14"" FHD (8GB RAM|256GB NVME) WEBCAM|Wi-Fi","Rs 97,650","Gampaha, Computers & Tablets"
Full Option Commode Wheel Chair Reclining,"Rs 49,500","Gampaha, Healthcare, Medical Equipment & Supplies"
Mercurial Sphygmomanometer With Stand (BP Meter),"Rs 19,990","Gampaha, Healthcare, Medical Equipment & Supplies"
Commode Chair Height Adjustable,"Rs 14,990","Colombo, Healthcare, Medical Equipment & Supplies"
Toyota Premio G superior 2017,"Rs 14,200,000","Colombo, Cars"
Box Type Modern Single Storey House For Sale In Kahathuduwa,"Rs 22,500,000","Colombo, Houses For Sale"
Granite Coffee Table,"Rs 16,000","Colombo, Furniture"
Nissan March K12 2007,"Rs 4,325,000","Gampaha, Cars"
Commode Chair With Wheels Height Adjustable,"Rs 19,500","Colombo, Healthcare, Medical Equipment & Supplies"
Apple iPhone 14 Pro Max 256GB (Used),"Rs 167,000","Ratnapura, Mobile Phones"
Modern House for Rent in Dehiwala,"Rs 250,000 /month","Colombo, House Rentals"
Altair - Unfurnished Apartment for Sale A42691,"Rs 340,400,000","Colombo, Apartments For Sale"
Toyota Yaris Cross 2025,"Rs 17,300,000","Colombo, Cars"
l sofa,"Rs 69,000","Colombo, Furniture"
Samsung Galaxy A20 3GB 32GB (Used),"Rs 8,900","Colombo, Mobile Phones"
Patient Air Mattress,"Rs 11,000","Colombo, Healthcare, Medical Equipment & Supplies"
Trizen - Furnished Apartment for Rent A42347,"Rs 535,000 /month","Colombo, Apartment Rentals"
Vivo Y20 2020 (Used),"Rs 19,000","Badulla, Mobile Phones"
Full Set Pc,"Rs 30,000","Kegalle, Computers & Tablets"
Granite Dining Table with Chairs,"Rs 49,000","Colombo, Furniture"
Apple iPhone 12 Pro 256GB (Used),"Rs 97,999","Colombo, Mobile Phones"
Kenton Bicycle,"Rs 22,000","Matara, Bicycles"
Hp i3 12th GEN Laptop,"Rs 75,500","Colombo, Computers & Tablets"
Bajaj Boxer 100 1999,"Rs 185,000","Jaffna, Motorbikes"
Massage Chair - Luxury,"Rs 490,000","Colombo, Healthcare, Medical Equipment & Supplies"
Dell i3 11th GEN Laptop,"Rs 57,500","Colombo, Computers & Tablets"
Brand new three storey House For sale in kandana Rilaulla,"Rs 91,000,000","Gampaha, Houses For Sale"
Asus Celeron Laptop,"Rs 32,500","Colombo, Computers & Tablets"
Modern 8pcs Workmanship locker set,"Rs 34,500","Colombo, Furniture"
Bajaj RE 2012,"Rs 300,000","Colombo, Three Wheelers"
Hp i3 12th GEN Laptop,"Rs 75,500","Colombo, Computers & Tablets"
Ryzen 5 Gaming PC Full Setup + GTX 1650 Super 32GB RAM,"Rs 165,000","Gampaha, Computers & Tablets"
Apple iPhone XS 256GB (Used),"Rs 55,000","Colombo, Mobile Phones"
Speaker,"Rs 30,000","Gampaha, Audio & MP3"
à·à¶à¶ à·à¶»à¶ à·à·à¶§à·à¶½à· à¶à¶©à¶¸à¶à· à·à·à¶à·à¶»à·à¶ºà¶±à· à·à·à¶à·à¶«à·à¶¸à¶§ à¶à¶­,"Rs 20,000,000 total price","Matale, Land For Sale"
HP i5 12th GEN Laptop,"Rs 118,500","Colombo, Computers & Tablets"
Dell i5 7th Gen Laptop,"Rs 50,500","Colombo, Computers & Tablets"
Residential Land for Sale in Wathupitiwala Nittambuwa M03,"Rs 267,500 per perch","Colombo, Land For Sale"
PS 3 Super Slim 500 GB Consoles,"Rs 25,000","Gampaha, Video Games & Consoles"
Dell i7 6th GEN Laptop,"Rs 60,000","Colombo, Computers & Tablets"
Steel Table,"Rs 12,000","Colombo, Furniture"
Dell i5 7th GEN Laptop,"Rs 50,499","Colombo, Computers & Tablets"
Dell i5 7th Gen Laptop,"Rs 50,500","Colombo, Computers & Tablets"
Honor X5b (Used),"Rs 22,500","Anuradhapura, Mobile Phones"
Lenovo Chromebook,"Rs 25,000","Colombo, Computers & Tablets"
Oxford French Dictionary,"Rs 3,200","Colombo, Music, Books & Movies"
LG Refrigerator - Invertor 471Ltr With Water Dispencer,"Rs 310,000","Colombo, Electronic Home Appliances"
Hp I5 8th Gen Laptop,"Rs 53,500","Colombo, Computers & Tablets"
Luxury land for sale in polgasowita Wethara Samagi Mawatha,"Rs 925,000 per perch","Colombo, Land For Sale"
Hp i5 13th GEN Laptop,"Rs 135,500","Colombo, Computers & Tablets"
Apple iPhone 13 Pro (Used),"Rs 118,000","Kandy, Mobile Phones"
Dell i5 8th Gen Laptop,"Rs 53,500","Colombo, Computers & Tablets"
Lenovo AMD Laptop,"Rs 35,500","Colombo, Computers & Tablets"
Luxury land for sale in polgasowita Wethara Samagi Mawatha,"Rs 5,100,000 total price","Colombo, Land For Sale"
luxury property for sale in dehiwala,"Rs 120,000,000","Colombo, Houses For Sale"
Dell i5 7th GEN Laptop,"Rs 45,000","Colombo, Computers & Tablets"
HP AMD Ryzen Laptop,"Rs 47,500","Colombo, Computers & Tablets"
Asus Pc,"Rs 7,800","Ampara, Computers & Tablets"
Suzuki Swift 2002,"Rs 3,950,000","Kegalle, Cars"
HP AMD Ryzen,"Rs 47,500","Colombo, Computers & Tablets"
Lenovo Celeron Laptop,"Rs 35,500","Colombo, Computers & Tablets"
Bajaj RE 2015,"Rs 280,000","Colombo, Three Wheelers"
Huawei i5 11th GEN Laptop,"Rs 76,000","Colombo, Computers & Tablets"
Toyota Raize 2024,"Rs 11,975,000","Colombo, Cars"
Lenovo i5 4th GEN Laptop,"Rs 33,500","Colombo, Computers & Tablets"
Lenovo Celeron Laptop,"Rs 35,500","Colombo, Computers & Tablets"
Yamaha FZS V3 2019,"Rs 1,030,000","Ampara, Motorbikes"
Hp i5 6th GEN Laptop,"Rs 50,000","Colombo, Computers & Tablets"
Apple iPhone 14 128GB (Used),"Rs 121,000","Colombo, Mobile Phones"
Apple iPhone 12 (Used),"Rs 65,000","Kandy, Mobile Phones"
"Highly Residential Land Plots For Sale In Horana,Galpatha","Rs 175,000 per perch","Kalutara, Land For Sale"
Dell i5 5th GEN Laptop,"Rs 45,500","Colombo, Computers & Tablets"
Lenovo Celeron Laptop,"Rs 35,500","Colombo, Computers & Tablets"
Hp i5 13th GEN Laptop,"Rs 135,500","Colombo, Computers & Tablets"
Tata Dimo Batti 2013,"Rs 1,150,000","Colombo, Lorries & Trucks"
Valuable Land for Sale in Melsiripura M 02,"Rs 247,500 per perch","Colombo, Land For Sale"
Lenovo Celeron Laptop,"Rs 35,500","Colombo, Computers & Tablets"
Lenovo i5 7th GEN Laptop,"Rs 50,000","Colombo, Computers & Tablets"
Hp Core I5 8th Gen Laptop,"Rs 69,500","Gampaha, Computers & Tablets"
Hp i5 13th GEN Laptop,"Rs 135,500","Colombo, Computers & Tablets"
Samsung 65 inch Q65D QLED 4K Tizen OS Smart Tv,"Rs 380,000","Colombo, TVs"
Lenovo i5 7th GEN Laptop,"Rs 50,000","Colombo, Computers & Tablets"
Lenovo Celeron Laptop,"Rs 35,500","Colombo, Computers & Tablets"
Apple Ipad Mini 16GB,"Rs 16,990","Colombo, Computers & Tablets"
Apple iPhone 15 128GB (Used),"Rs 160,000","Colombo, Mobile Phones"
Xiaomi Redmi Note 8 Pro 6GB 128GB (Used),"Rs 22,000","Kandy, Mobile Phones"
Dell i3 11th GEN Laptop,"Rs 57,500","Colombo, Computers & Tablets"
Dining Table,"Rs 45,000","Gampaha, Furniture"
HP i5 13th Gen Laptop,"Rs 135,500","Colombo, Computers & Tablets"
Micro Panda Car For Rent,"Rs 2,660","Colombo, Rentals"
Dell i3 11th GEN Laptop,"Rs 57,500","Colombo, Computers & Tablets"
Apple Watch Series 9,"Rs 59,000","Gampaha, Smart Watches & Fitness Bands"
Cupboard,"Rs 23,000","Colombo, Furniture"
Silver Bracelet,"Rs 10,000","Matara, Jewellery"
Dell i3 11th GEN Laptop,"Rs 57,500","Colombo, Computers & Tablets"
Vivo Y85 6GB|128GB (Used),"Rs 11,990","Colombo, Mobile Phones"
Golden retriever,"Rs 90,000","Gampaha, Pets"
Rossmax Suction Unit V3,"Rs 59,990","Colombo, Healthcare, Medical Equipment & Supplies"
Suzuki Wagon R HYBRID ZX 2026,"Rs 9,275,000","Colombo, Cars"
3BR House for Sale in Kandy,"Rs 9,000,000","Kandy, Houses For Sale"
House for Sale Kirindiwela,"Rs 23,900,000","Gampaha, Houses For Sale"
"Laptop (HP) i5 11th Gen 14"" FHD (8GB RAM|256GB NVME) WEBCAM|Wi-Fi","Rs 97,650","Gampaha, Computers & Tablets"
Full Option Commode Wheel Chair Reclining,"Rs 49,500","Gampaha, Healthcare, Medical Equipment & Supplies"
Mercurial Sphygmomanometer With Stand (BP Meter),"Rs 19,990","Gampaha, Healthcare, Medical Equipment & Supplies"
Commode Chair Height Adjustable,"Rs 14,990","Colombo, Healthcare, Medical Equipment & Supplies"
Toyota Premio G superior 2017,"Rs 14,200,000","Colombo, Cars"
Box Type Modern Single Storey House For Sale In Kahathuduwa,"Rs 22,500,000","Colombo, Houses For Sale"
Granite Coffee Table,"Rs 16,000","Colombo, Furniture"
Nissan March K12 2007,"Rs 4,325,000","Gampaha, Cars"
Commode Chair With Wheels Height Adjustable,"Rs 19,500","Colombo, Healthcare, Medical Equipment & Supplies"
Apple iPhone 14 Pro Max 256GB (Used),"Rs 167,000","Ratnapura, Mobile Phones"
Modern House for Rent in Dehiwala,"Rs 250,000 /month","Colombo, House Rentals"
Altair - Unfurnished Apartment for Sale A42691,"Rs 340,400,000","Colombo, Apartments For Sale"
Toyota Yaris Cross 2025,"Rs 17,300,000","Colombo, Cars"
l sofa,"Rs 69,000","Colombo, Furniture"
Samsung Galaxy A20 3GB 32GB (Used),"Rs 8,900","Colombo, Mobile Phones"
Patient Air Mattress,"Rs 11,000","Colombo, Healthcare, Medical Equipment & Supplies"
Trizen - Furnished Apartment for Rent A42347,"Rs 535,000 /month","Colombo, Apartment Rentals"
Vivo Y20 2020 (Used),"Rs 19,000","Badulla, Mobile Phones"
Full Set Pc,"Rs 30,000","Kegalle, Computers & Tablets"
Granite Dining Table with Chairs,"Rs 49,000","Colombo, Furniture"
Apple Macbook MI,"Rs 120,500","Colombo, Computers & Tablets"
Lenovo i5 12th GEN Laptop,"Rs 110,500","Colombo, Computers & Tablets"
Nikon D5500,"Rs 95,000","Anuradhapura, Cameras & Camcorders"
Brand new Luxury two storey house for sale in Kandana,"Rs 65,000,000","Gampaha, Houses For Sale"
Lenovo i5 13th GEN,"Rs 135,500","Colombo, Computers & Tablets"
Hp i5 13th GEN,"Rs 120,000","Colombo, Computers & Tablets"
Acer i5 12th GEN,"Rs 120,000","Colombo, Computers & Tablets"
Fish Tank,"Rs 11,000","Matale, Animal Accessories"
Lenovo I5 13th GEN,"Rs 120,000","Colombo, Computers & Tablets"
Suzuki Every 2023,"Rs 6,900,000","Colombo, Vans"
Realme 14 Pro Plus 5G (Used),"Rs 96,000","Colombo, Mobile Phones"
Lenovo i5 13th GEN,"Rs 120,000","Colombo, Computers & Tablets"
Hp i5 12th GEN,"Rs 120,000","Colombo, Computers & Tablets"
Commercial Gas Pasta Boiler,"Rs 55,000","Matara, Industry Tools & Machinery"
"4 Rooms Single house rent in Ja Ela, kapuwatta","Rs 85,000 /month","Gampaha, House Rentals"
à·à¶à¶ à·à¶»à¶ à·à·à¶§à·à¶½à· à·à¶¯à·à· à·à·à¶à·à¶»à·à¶ºà¶±à·.à¶à¶©à¶¸à¶à· à·à·à¶à·à¶«à·à¶¸à¶§ à¶à¶­,"Rs 20,000,000 total price","Matale, Land For Sale"
Samsung Chromebook,"Rs 20,000","Colombo, Computers & Tablets"
Dell i5 8th GEN Laptop,"Rs 53,500","Colombo, Computers & Tablets"
Samsung Galaxy S23 8GB 128GB (Used),"Rs 87,000","Kandy, Mobile Phones"
Lenovo i5 13th GEN Laptop,"Rs 135,500","Colombo, Computers & Tablets"
Apple iPhone 12 64GB Blue (Used),"Rs 71,990","Colombo, Mobile Phones"
LG 55 INCH OLED EVO AI C4 4K SMART TV,"Rs 575,000","Colombo, TVs"
Hp i3 5th GEN Laptop,"Rs 33,500","Colombo, Computers & Tablets"
Beautiful Saree,"Rs 3,500","Colombo, Clothing"
Dell i5 7th GEN Laptop,"Rs 44,500","Colombo, Computers & Tablets"
African Love Birds,"Rs 10,000","Kalutara, Pets"
Lenovo 15 10 Th Gen Laptop,"Rs 79,500","Polonnaruwa, Computers & Tablets"
Lenovo i5 11th GEN Laptop,"Rs 75,500","Colombo, Computers & Tablets"
Single storey House For Rent in Ja Ela Ekala Town,"Rs 75,000 /month","Gampaha, House Rentals"
Dell i5 8th GEN Laptop,"Rs 53,500","Colombo, Computers & Tablets"
Hp i5 8th GEN Laptop,"Rs 53,500","Colombo, Computers & Tablets"
Table,"Rs 23,000","Colombo, Furniture"
Hp i5 8th GEN Laptop,"Rs 53,500","Colombo, Computers & Tablets"
Acer Chromebook,"Rs 20,000","Colombo, Computers & Tablets"
Samsung Galaxy Tab A,"Rs 20,500","Kandy, Computers & Tablets"
Frock Slim Fit,"Rs 1,750","Colombo, Clothing"
Lenovo Chromebook,"Rs 20,000","Colombo, Computers & Tablets"
Commercial Property for Rent in Colombo 01 (A5892),"Rs 2,000,000 /month","Colombo, Commercial Property Rentals"
Samsung Galaxy S21 8GB 256GB (Used),"Rs 56,000","Kandy, Mobile Phones"
Lenovo Chromebook,"Rs 25,000","Colombo, Computers & Tablets"
Macbook Air Core i5 Laptop,"Rs 55,500","Colombo, Computers & Tablets"
Residential Land Lots in Malabe Kahanthota P55,"Rs 1,100,000 per perch","Colombo, Land For Sale"
HP i5 12th GEN,"Rs 120,000","Colombo, Computers & Tablets"
Honda Hornet 1998,"Rs 2,230,000","Galle, Motorbikes"
Apple iPhone 8 Plus 256GB (Used),"Rs 43,500","Colombo, Mobile Phones"
Lenovo i5 13th GEN Laptop,"Rs 120,000","Colombo, Computers & Tablets"
2 in 1 Touch Latitude 5290 i7 8th Gen 16GB RAM Detachable Screen Laptop,"Rs 95,000","Colombo, Computers & Tablets"
Lenovo i5 4th GEN Laptop,"Rs 32,500","Colombo, Computers & Tablets"
à¶¶à·à¶¸à· à¶à·à¶§à·à· à¶à¶­à·à¶»à·à¶à·à¶»à·à¶º à¶­à·à¶±à·à¶à¶³à·à·à¶±à·à¶±à· P55,"Rs 1,130,000 per perch","Colombo, Land For Sale"
Ford Raptor Ranger Custom Made 2025,"Rs 34,800,000","Colombo, Cars"
Lenovo i5 4th GEN Laptop,"Rs 32,500","Colombo, Computers & Tablets"
à¶¶à·à¶¸à· à¶à·à¶§à·à· à¶à¶­à·à¶»à·à¶à·à¶»à·à¶º à¶­à·à¶±à·à¶à¶³à·à·à¶±à·à¶±à· P55,"Rs 1,130,000 per perch","Colombo, Land For Sale"
Ford Raptor Ranger Custom Made 2025,"Rs 34,800,000","Colombo, Cars"
Dell i5 11th GEN Laptop,"Rs 75,500","Colombo, Computers & Tablets"
Samsung Galaxy S25 Ultra (Used),"Rs 290,000","Kilinochchi, Mobile Phones"
Dell i5 5th GEN Laptop,"Rs 45,500","Colombo, Computers & Tablets"
Bajaj RE 4 Stroke 2019,"Rs 130,000","Gampaha, Three Wheelers"
Lenovo Chromebook,"Rs 20,000","Colombo, Computers & Tablets"
Hp i5 13th GEN Laptop,"Rs 120,000","Colombo, Computers & Tablets"
Yamaha RayZR Street Rally 2018,"Rs 460,000","Galle, Motorbikes"
Xiaomi Smart Band 8,"Rs 8,000","Colombo, Smart Watches & Fitness Bands"
TCL 12btu Inverter Split Type R32 Smart WIFI AIR Conditioner,"Rs 144,990","Colombo, Air Conditions & Electrical fittings"
Lenovo i5 13th GEN Laptop,"Rs 135,500","Colombo, Computers & Tablets"
Samsung Galaxy A03s 3/32GB (Used),"Rs 12,500","Kalutara, Mobile Phones"
Lenovo i5 7th GEN Laptop,"Rs 50,000","Colombo, Computers & Tablets"
Apple iPhone 11 Pro Max 256GB (Used),"Rs 89,500","Gampaha, Mobile Phones"
Exclusive Land Plot in Malabe P55,"Rs 1,150,000 per perch","Colombo, Land For Sale"
Asus i5 13th GEN Laptop,"Rs 135,500","Colombo, Computers & Tablets"
Maruti Suzuki Alto 2014,"Rs 4,000,000","Kegalle, Cars"
Lenovo i5 5th GEN Touch Laptop,"Rs 50,500","Colombo, Computers & Tablets"
Apple iPhone 11 128GB (Used),"Rs 69,997","Gampaha, Mobile Phones"
Lenovo i5 11th GEN Laptop,"Rs 76,500","Colombo, Computers & Tablets"
Hp i5 13th GEN Laptop,"Rs 135,500","Colombo, Computers & Tablets"
Shih Tzu Puppy,"Rs 50,000","Colombo, Pets"
Malabe Kothalawala Land for Sale Prime Location,"Rs 1,175,000 per perch","Colombo, Land For Sale"
Apple iPhone 12 Pro Max (Used),"Rs 98,000","Colombo, Mobile Phones"
Asus Vivobook i5 11th Laptop,"Rs 76,500","Colombo, Computers & Tablets"
Lenovo i5 13th GEN Laptop,"Rs 135,499","Colombo, Computers & Tablets"
Kids Table and chair,"Rs 15,800","Colombo, Children's Items"
HP AMD Laptop,"Rs 35,500","Colombo, Computers & Tablets"
Love Birds,"Rs 9,000","Kalutara, Pets"
Lenovo i5 13th GEN Laptop,"Rs 135,500","Colombo, Computers & Tablets"
"House for Rent â Jayantipuram, Battaramulla [HR106]","Rs 250,000 /month","Colombo, House Rentals"
Asus Vivobook i5 13th Laptop,"Rs 135,500","Colombo, Computers & Tablets"
Rolex Datejust 36mm Rare Vintage,"Rs 1,495,000","Colombo, Watches"
Toyota Vitz KSP130 2015,"Rs 6,975,000","Colombo, Cars"
Lenovo i5 13th GEN Laptop,"Rs 135,500","Colombo, Computers & Tablets"
HP i5 13th GEN Laptop,"Rs 120,000","Colombo, Computers & Tablets"
Acer i5 12th GEN Laptop,"Rs 120,000","Colombo, Computers & Tablets"
"Singer 21"" Tv","Rs 15,000","Jaffna, TVs"
"TCL 55"" QLED 4K Smart UHD TV P8K","Rs 179,990","Colombo, TVs"
Lenovo Core i5 13th GEN Laptop,"Rs 135,500","Colombo, Computers & Tablets"
Lenovo i5 13th GEN Laptop,"Rs 135,500","Colombo, Computers & Tablets"
Samsung Galaxy Tab A,"Rs 16,500","Kandy, Computers & Tablets"
HP i5 13th GEN Laptop,"Rs 120,000","Colombo, Computers & Tablets"
Dell Chromebook,"Rs 20,000","Colombo, Computers & Tablets"
Furniture Items Lot,"Rs 415,000","Gampaha, Furniture"
Suzuki Every Join 2015,"Rs 5,900,000","Colombo, Vans"
Nissan Navara Outlaw 2007,"Rs 7,000,000","Polonnaruwa, Cars"
Acer i5 12th GEN Laptop,"Rs 120,000","Colombo, Computers & Tablets"
Doors Set,"Rs 300,000","Kandy, Furniture"
"Best Place Land for Family in Horana, Kubuka","Rs 385,000 per perch","Kalutara, Land For Sale"
Honda Freed Gp3 Front Buffer Panel,"Rs 45,000","Gampaha, Auto Parts & Accessories"
Lenovo Thinkpad i5 13th GEN Laptop,"Rs 120,000","Colombo, Computers & Tablets"
Alion Car Steering Wheel,"Rs 9,000","Kandy, Auto Parts & Accessories"
Lenovo i5 13th GEN Laptop,"Rs 120,000","Colombo, Computers & Tablets"
Apple iPhone 11 128GB (Used),"Rs 69,997","Gampaha, Mobile Phones"
Hp i5 12th GEN Laptop,"Rs 120,000","Colombo, Computers & Tablets"
Lenovo Core i5 13th GEN Laptop,"Rs 135,500","Colombo, Computers & Tablets"
Every Wagon DA17W Hood Cabin,"Rs 25,000","Kandy, Auto Parts & Accessories"
Lenovo i5 12th Gen Laptop,"Rs 120,000","Colombo, Computers & Tablets"
Hp Celeron Laptop,"Rs 35,500","Colombo, Computers & Tablets"
Lenovo Chromebook Laptop,"Rs 20,000","Colombo, Computers & Tablets"
Ac Repair Service and Maintenance,,"Gampaha, Domestic Services"
Lenovo i3 11th GEN Laptop,"Rs 57,500","Colombo, Computers & Tablets"
Hp Chromebook Touch Laptop,"Rs 25,000","Colombo, Computers & Tablets"
A/c Repair Service and Maintenance,,"Colombo, Domestic Services"
Asus Vivobook i5 13th Laptop,"Rs 135,500","Colombo, Computers & Tablets"
Antique Kaluwara Kadichchi Set,"Rs 285,000","Gampaha, Furniture"
Ac Repair and Service,,"Colombo, Domestic Services"
Lenovo i3 11th GEN Laptop,"Rs 57,500","Colombo, Computers & Tablets"
AC/washing machine Repair Service installation,,"Gampaha, Domestic Services"
Asus Vivobook i5 13th GEN Laptop,"Rs 135,500","Colombo, Computers & Tablets"
Air-Conditioner Repair Service installation & chemical,,"Gampaha, Domestic Services"
Luxury 3 Bedroom Apartment for Rent Col 2â CCC Residencies [AR100],"Rs 818,480 /month","Colombo, Apartment Rentals"
Commode Wheel Chair Fiber Seat,"Rs 33,500","Colombo, Healthcare, Medical Equipment & Supplies"
Ashok Leyland Taurus 2006,"Rs 6,600,000","Ratnapura, Lorries & Trucks"
SanDisk Ultra 128GB microSDXC UHS-I Memory Card,"Rs 7,800","Colombo, Computer Accessories"
à¶±à·à·à·à¶à· à·à·à¶à·à¶«à·à¶¸à¶§ - à¶´à¶§à·à¶§à·à¶à¶½,"Rs 5,800,000","Matara, Houses For Sale"
Golden retriever,"Rs 90,000","Gampaha, Pets"
Rossmax Suction Unit V3,"Rs 59,990","Colombo, Healthcare, Medical Equipment & Supplies"
Suzuki Wagon R HYBRID ZX 2026,"Rs 9,275,000","Colombo, Cars"
3BR House for Sale in Kandy,"Rs 9,000,000","Kandy, Houses For Sale"
House for Sale Kirindiwela,"Rs 23,900,000","Gampaha, Houses For Sale"
"Laptop (HP) i5 11th Gen 14"" FHD (8GB RAM|256GB NVME) WEBCAM|Wi-Fi","Rs 97,650","Gampaha, Computers & Tablets"
Full Option Commode Wheel Chair Reclining,"Rs 49,500","Gampaha, Healthcare, Medical Equipment & Supplies"
Mercurial Sphygmomanometer With Stand (BP Meter),"Rs 19,990","Gampaha, Healthcare, Medical Equipment & Supplies"
Commode Chair Height Adjustable,"Rs 14,990","Colombo, Healthcare, Medical Equipment & Supplies"
Toyota Premio G superior 2017,"Rs 14,200,000","Colombo, Cars"
Box Type Modern Single Storey House For Sale In Kahathuduwa,"Rs 22,500,000","Colombo, Houses For Sale"
Granite Coffee Table,"Rs 16,000","Colombo, Furniture"
Nissan March K12 2007,"Rs 4,325,000","Gampaha, Cars"
Commode Chair With Wheels Height Adjustable,"Rs 19,500","Colombo, Healthcare, Medical Equipment & Supplies"
Apple iPhone 14 Pro Max 256GB (Used),"Rs 167,000","Ratnapura, Mobile Phones"
Modern House for Rent in Dehiwala,"Rs 250,000 /month","Colombo, House Rentals"
Altair - Unfurnished Apartment for Sale A42691,"Rs 340,400,000","Colombo, Apartments For Sale"
Toyota Yaris Cross 2025,"Rs 17,300,000","Colombo, Cars"
l sofa,"Rs 69,000","Colombo, Furniture"
Samsung Galaxy A20 3GB 32GB (Used),"Rs 8,900","Colombo, Mobile Phones"
Patient Air Mattress,"Rs 11,000","Colombo, Healthcare, Medical Equipment & Supplies"
"Elegance Land Plots For Sale In Aluthgama,Welipanna","Rs 220,000 per perch","Kalutara, Land For Sale"
Toyota Hiace KDH 206 Front Buffer,"Rs 35,000","Gampaha, Auto Parts & Accessories"
Commercial Land for Sale Kaduwela,"Rs 2,700,000 per perch","Colombo, Land For Sale"
Easy Access to Kesbewa â Polgasowita Piliyandala Land,"Rs 875,000 per perch","Colombo, Land For Sale"
Valuable Land for Sale in Kandana Dolahana,"Rs 700,000 per perch","Gampaha, Land For Sale"
Vivo Y17 8GB 256GB (Used),"Rs 13,500","Colombo, Mobile Phones"
Commercial Space for Rent in Narahenpita Colombo 5 (file No 19 C ),"Rs 300,000 /month","Colombo, Commercial Property Rentals"
Teak Furniture Set,"Rs 70,000","Gampaha, Furniture"
Pos System Software For Any Business,"Rs 20,000","Colombo, Computer Accessories"
Honda Vezel Z Play Moonroof 2026,"Rs 20,490,000","Kandy, Cars"
Restaurant with 8 rooms and 10 tables (40 p land)in Embilipitiya(AP882),"Rs 19,500,000","Ratnapura, Houses For Sale"
Samsung Note 10 Plus Display,"Rs 22,000","Jaffna, Mobile Spare Parts"
Suzuki Wagon R 55S (FX) Rear Buffer - reconditioned,"Rs 30,000","Colombo, Auto Parts & Accessories"
BMW 320I E90 Rear Bumper,"Rs 10,000","Colombo, Auto Parts & Accessories"
Apple iPhone 11 128GB (Used),"Rs 69,997","Gampaha, Mobile Phones"
Toyota Raize Z Hybrid 1200 2025,"Rs 14,450,000","Colombo, Cars"
Adidas Ankle Football Boot Size 45,"Rs 6,500","Colombo, Sports & Fitness"
à¶¸à·à¶½à¶¶à· à¶à¶©à¶¸à· à·à·à¶à·à¶«à·à¶¸à¶§ P55,"Rs 1,200,000 per perch","Colombo, Land For Sale"
Honor X6c 6/128GB (Brand New),"Rs 37,000","Gampaha, Mobile Phones"
itel A50c 2/32GB (Brand New),"Rs 19,000","Gampaha, Mobile Phones"
Acer N100 Laptop,"Rs 70,500","Colombo, Computers & Tablets"
Catering Buffet Chafing Dish,"Rs 26,900","Gampaha, Industry Tools & Machinery"
Work Premises for Rent â Nugegoda (CR109),"Rs 150,000 /month","Colombo, Commercial Property Rentals"
Acer N100 Laptop,"Rs 70,500","Colombo, Computers & Tablets"
Apple iPhone 11 128GB (Used),"Rs 69,997","Gampaha, Mobile Phones"
Nilai Kathavu,"Rs 25,000","Jaffna, Furniture"
2 Storey House Rent in Athurugiriya,"Rs 90,000 /month","Colombo, House Rentals"
Acer Nitro V15 Core i5 13420H 16GB DDR4 512GB NVMe Brand New.,"Rs 299,500","Colombo, Computers & Tablets"
New Melamine Baby Cupboard,"Rs 16,000","Colombo, Children's Items"
6 Perches Land for Sale in Negombo,"Rs 1,550,000 per perch","Gampaha, Land For Sale"
Toyota Aqua Nhp10 Front Buffer Panel,"Rs 40,000","Gampaha, Auto Parts & Accessories"
à¶à·à·à¶±à·à¶­à·à¶§à·à¶´à¶½ à¶à·à·à¶»à·à¶¸à· à¶à¶à· à·à·à·à¶ à·à·à·à·à¶à·,"Rs 70,000 - 75,000","Kalutara, Packing Officer"
Valuable land for sale in Colombo Road Polgasowita,"Rs 850,000 per perch","Colombo, Land For Sale"
Dell Latitude 5420 i5 11th Gen Graphics 8GB Xe 14 inches,"Rs 89,500","Colombo, Computers & Tablets"
Apple iPhone SE 2 128GB (Used),"Rs 42,000","Colombo, Mobile Phones"
Moratuwa City Centre Land for Sale,"Rs 1,800,000 per perch","Colombo, Land For Sale"
Infinix Hot 60i 8GB 256GB (Brand New),"Rs 47,200","Colombo, Mobile Phones"
Yoyota Crown GRS 200 Radiator,"Rs 32,000","Colombo, Auto Parts & Accessories"
à¶à·à·à¶±à·à¶­à·à¶§à·à¶´à¶½ à¶à·à·à¶»à·à¶¸à· à¶à¶à· à·à·à·à¶ à·à·à·à·à¶à·,"Rs 70,000 - 75,000","Monaragala, Packing Officer"
235/55 R18 DUNLOP TYRE FOR AUDI A3,"Rs 57,150","Colombo, Auto Parts & Accessories"
Acer Chromebook,"Rs 20,000","Colombo, Computers & Tablets"
TVS Ntorq 125 2026,"Rs 195,900","Colombo, Motorbikes"
Xiaomi Redmi 15C 8/256GB (Brand New),"Rs 38,000","Gampaha, Mobile Phones"
Retop MIG 285 Free Delivery Herman W026,"Rs 87,000","Colombo, Industry Tools & Machinery"
Apple iPhone 14 Pro Max 256GB (Purple) (Used),"Rs 179,000","Colombo, Mobile Phones"
Suzuki Wagon R FX 2017,"Rs 5,700,000","Colombo, Cars"
Apple iPhone 13 128GB (Used),"Rs 95,900","Colombo, Mobile Phones"
Mitsubishi Montero Center Spare Wheel for Rent,"Rs 16,000","Gampaha, Rentals"
CIM Level 7 Assignment Writing Help,"Rs 3,000","Colombo, Other Education"
HOMAGAMA BERUKATIYA LANDS,"Rs 526,500 per perch","Colombo, Land For Sale"
HOMAGAMA BERUKATIYA LANDS,"Rs 526,500 per perch","Colombo, Land For Sale"
Yamaha Ray ZR 2016,"Rs 140,000","Jaffna, Motorbikes"
Honor X7d 8/256GB (Brand New),"Rs 55,000","Gampaha, Mobile Phones"
LG QNED 55 INCH QNED7S 4K Smart TV with ThinQ AI,"Rs 290,000","Colombo, TVs"
Apple iPhone XR 128GB (Used),"Rs 52,990","Colombo, Mobile Phones"
Samsung Galaxy Z Fold3 256/8GB (Used),"Rs 91,900","Kandy, Mobile Phones"
Valuable Land Plots For Sale Ja-Ela Kotugoda,"Rs 395,000 per perch","Gampaha, Land For Sale"
Land Plot for Sale in Athurugiriya Thunandahena P55,"Rs 1,125,000 per perch","Colombo, Land For Sale"
Samsung Galaxy A17 5G 8GBRam Gray (Used),"Rs 72,990","Colombo, Mobile Phones"
Honda Fit Gp5 Rear Buffer Panel,"Rs 45,000","Gampaha, Auto Parts & Accessories"
PRINTER HP 580 SMART INK TANK 3 IN 1 WITH WIFI (BRAND NEW),"Rs 55,950","Gampaha, Computer Accessories"
Tube Well with Concreat Pillng Service Moratuwa,,"Colombo, Trade Services"
Bread Toaster Industrial,"Rs 140,250","Colombo, Industry Tools & Machinery"
Honda Vezel 2019 for Rent,"Rs 9,000","Colombo, Rentals"
Kakusiga 10000mah Power Bank,"Rs 2,000","Gampaha, Mobile Phone Accessories"
Apple iPhone SE 2 128GB (Used),"Rs 47,997","Gampaha, Mobile Phones"
Apple iPhone 16 256GB (Used),"Rs 220,000","Colombo, Mobile Phones"
Single Storey House For Sale in Ja Ela,"Rs 19,000,000","Gampaha, Houses For Sale"
Luxurious Land Lots in Athurugiriya P55,"Rs 1,100,000 per perch","Colombo, Land For Sale"
Ring Neck,"Rs 40,000","Gampaha, Pets"
18 BTU PANASONIC INVERTER AC,"Rs 80,000","Galle, Air Conditions & Electrical fittings"
"Haier 24"" Led Tv","Rs 16,500","Gampaha, TVs"
235/60 R18 YOKOHAMA TYRE FOR HONDA CR-V,"Rs 56,500","Colombo, Auto Parts & Accessories"
Suzuki Maruti car 2004,"Rs 1,975,000","Kandy, Cars"
Apple Macbook Pro 2015,"Rs 65,500","Colombo, Computers & Tablets"
Used GTX 660 2GB Graphic Card / VGA Random brands,"Rs 11,990","Colombo, Computer Accessories"
Suzuki Wagon R 55S (FZ) Front Buffer - Reconditioned,"Rs 60,000","Colombo, Auto Parts & Accessories"
Toyota Land Cruiser Prado TX 150 2014,"Rs 35,000,000","Colombo, Cars"
Tube Well and Concreat Pillng Service Kiribathgoda,,"Gampaha, Trade Services"
Samsung A Quantum Tab (Used),"Rs 48,000","Gampaha, Computers & Tablets"
Apple Macbook Pro 2015 Laptop,"Rs 65,500","Colombo, Computers & Tablets"
Mw03 Joyroom Speaker,"Rs 49,000","Gampaha, Audio & MP3"
Multi Duty Clerk - Kurunegala,"Rs 30,000 - 35,000","Kurunegala, Clerk"
Land for sale near maharagama,"Rs 1,575,000 per perch","Colombo, Land For Sale"
Apple iPhone SE 2 128GB (Used),"Rs 47,997","Gampaha, Mobile Phones"
à¶à·à·à¶±à·à¶­à·à¶§à·à¶´à¶½ à¶à·à·à¶»à·à¶¸à· à¶à¶à· à·à·à·à¶ à·à·à·à·à¶à·,"Rs 70,000 - 75,000","Kurunegala, Packing Officer"
TVS Ntorq 125 Brand New 2026,"Rs 199,700","Colombo, Motorbikes"
ACCOUNTS ASSISTANT (FEMALE)- Mahabage Head Office,,"Gampaha, Accounting & Finance"
Toyota Hino Dutro XZC 675 M Front Buffer,"Rs 35,000","Gampaha, Auto Parts & Accessories"
Kubota RK 80 1989,"Rs 415,000","Kurunegala, Tractors"
Kia Rio Sedan 2015,"Rs 7,600,000","Colombo, Cars"
All Types of Building Construction/ Renovations/Water Proofing,Rs 0,"Colombo, Trade Services"
White glass cupboard,"Rs 34,500","Colombo, Furniture"
Apple MacBook Air 15 inch M4 Chip 16GB 256GB Midnight,"Rs 320,000","Colombo, Computers & Tablets"
Apple iPhone 17 Pro (Used),"Rs 475,000","Colombo, Mobile Phones"
House for Sale in Negombo,"Rs 32,500,000","Gampaha, Houses For Sale"
Land for Sale Battaramulla,"Rs 3,200,000 per perch","Colombo, Land For Sale"
Xiaomi 9A 128GB (Used),"Rs 16,500","Colombo, Mobile Phones"
Photo Copy Machine,"Rs 90,000","Ampara, Other Electronics"
Apple iPhone 11 128GB (Used),"Rs 68,990","Colombo, Mobile Phones"
Apple iPhone 14 128GB (Used),"Rs 120,000","Colombo, Mobile Phones"
AirPods Pro 3,"Rs 3,500","Gampaha, Mobile Phone Accessories"
Stamps Albums,"Rs 1,800","Colombo, Art & Collectibles"
Printer Inkjet Canon TS3640 (Wireless) All In One - (Brand New),"Rs 21,950","Gampaha, Computer Accessories"
POS Desktop Software System Development,"Rs 20,000","Colombo, Other Business Services"
POS Fast Billing Software System Development,"Rs 20,000","Colombo, Other Business Services"
High Value Land for Sale Horana Galpatha,"Rs 200,000 per perch","Kalutara, Land For Sale"
Mr41s Suzuki Hustler Inner Guard,"Rs 9,000","Colombo, Auto Parts & Accessories"
TVS Metro 2016,"Rs 250,000","Colombo, Motorbikes"
Apple iPhone 15 128GB (Used),"Rs 135,000","Colombo, Mobile Phones"
Spacious 3 BR Apartment for Sale in Colombo 6 - PDA376,"Rs 40,000,000","Colombo, Apartments For Sale"
Asus Vivobook M16 Ryzen5 \7430U (7000 series) \8GB RAM \512GB NVME,"Rs 186,000","Colombo, Computers & Tablets"
i5 11th Gen Probook 640 G8 with Backlit Keyboard 16GB DDR4,"Rs 97,500","Colombo, Computers & Tablets"
Nissan Dayz Highway Star X 2023,"Rs 8,150,000","Colombo, Cars"
Toyota KDH 2014,"Rs 17,495,000","Colombo, Vans"
Xiaomi Redmi A5 4GB 64GB (Used),"Rs 18,500","Gampaha, Mobile Phones"
Bajaj Pulsar NS200 Brand New 2026,"Rs 509,000","Colombo, Motorbikes"
Valuable Land Plots For Sale In Athurugiriya,"Rs 1,470,000 per perch","Colombo, Land For Sale"
Apple Air Pods Pro,"Rs 3,000","Gampaha, Mobile Phone Accessories"
Completed House For Sale in Seeduwa,"Rs 16,000,000","Gampaha, Houses For Sale"
Valuable Land Plots For Sale In Ja Ela,"Rs 370,000 per perch","Gampaha, Land For Sale"
Apple iPhone SE 2 128GB (Used),"Rs 42,000","Colombo, Mobile Phones"
Full Fabric Design Sofa 3 1,"Rs 54,990","Colombo, Furniture"
Apple iPhone X (Used),"Rs 38,000","Kandy, Mobile Phones"
Graphic Designer-Wattala,"Rs 60,000 - 90,000","Gampaha, IT and Network Industry"
Bajaj RE 2008,"Rs 950,000","Kurunegala, Three Wheelers"
Apple iPhone 11 Pro 256GB (Used),"Rs 80,100","Colombo, Mobile Phones"
Land for sale in piliyandala,"Rs 4,500,000 per perch","Colombo, Land For Sale"
LG 55 INCH UT9050 UHD 4K SMART TV,"Rs 235,000","Colombo, TVs"
20 Perches Land for Sale in Nawala,"Rs 6,200,000 per perch","Colombo, Land For Sale"
House for Sale Near Authurugiriya Highway Entrance,"Rs 27,500,000","Colombo, Houses For Sale"
Mountain Bicycle Body Part,"Rs 11,500","Gampaha, Auto Parts & Accessories"
Bluetooth Speaker,"Rs 2,000","Gampaha, Audio & MP3"
Bajaj Pulsar NS200 Brand new 2026,"Rs 509,000","Gampaha, Motorbikes"
Xiaomi Redmi Note 14 2026 (Used),"Rs 55,000","Colombo, Mobile Phones"
TVS Ntorq 125 Brand New 2026,"Rs 229,900","Colombo, Motorbikes"
TVS Ntorq 125 XP 2026,"Rs 249,000","Colombo, Motorbikes"
Modern two storey house for Rent in Ja Ela Ekala Town,"Rs 11,000,000 /month","Gampaha, House Rentals"
215/55 R17 DUNLOP TYRE FOR HONDA VEZEL,"Rs 46,400","Colombo, Auto Parts & Accessories"
Dongle,"Rs 10,000","Ampara, Computer Accessories"
Toyota Fortuner 2013,"Rs 16,495,000","Colombo, Cars"
Restaurant with 8 rooms and 10 tables (40 p land)in Embilipitiya,"Rs 25,000,000","Ratnapura, Houses For Sale"
Toyota Passo KGC10 Rear Buffer Panel,"Rs 25,000","Gampaha, Auto Parts & Accessories"
(MNS-409) Valuable Two Storey House Sale in Boralesgamuwa,"Rs 29,000,000","Colombo, Houses For Sale"
Hikvision Turbo HD weather proof High Quality CCTV Cameras,"Rs 2,990","Colombo, Other Electronics"
Women Panties,"Rs 1,250","Colombo, Clothing"
Residencial land for sale near Boralesgamuwa,"Rs 2,450,000 per perch","Colombo, Land For Sale"
Apple iPhone 13 256GB (Used),"Rs 105,000","Colombo, Mobile Phones"
Sharp R8 5G 256GB (Used),"Rs 54,500","Gampaha, Mobile Phones"
Apple iPhone SE 2 128GB (Used),"Rs 47,997","Gampaha, Mobile Phones"
Apple iPhone 13 128GB (Used),"Rs 103,000","Colombo, Mobile Phones"
Apple iPhone 14 Pro 256GB (Used),"Rs 176,000","Colombo, Mobile Phones"
Bajaj RE 2005,"Rs 100,000","Puttalam, Three Wheelers"
Mastela 4 in 1 Delux Multi-Functional Baby Bassinet,"Rs 20,000","Colombo, Children's Items"
Suzuki Wagon R (55S) FX Front Buffer - Reconditioned,"Rs 60,000","Colombo, Auto Parts & Accessories"
Apple iPhone SE 2 128GB (Used),"Rs 47,997","Gampaha, Mobile Phones"
Samsung Galaxy A13 (Used),"Rs 19,000","Gampaha, Mobile Phones"
Nissan Roox Highstar G TURBO 2024,"Rs 9,375,000","Colombo, Cars"
Apple iPhone 17 Pro Max (Used),"Rs 449,999","Colombo, Mobile Phones"
Thinkpad T14 i5 10th Gen 16GB RAM FHD,"Rs 89,500","Colombo, Computers & Tablets"
Commercial Property for Long Term Rent Unawatuna Tourist Zone,"Rs 600,000 /month","Galle, Commercial Property Rentals"
TVS Ntorq 125 2026,"Rs 345,000","Kalutara, Motorbikes"
DFSK Glory 580L 2021,"Rs 7,850,000","Matara, Cars"
Intel Core i7 9TH GEN DDR4 8GB RAM 256GB SSD Assemble PC,"Rs 94,000","Colombo, Computers & Tablets"
land for sale in Devundara,"Rs 347,500 per perch","Matara, Land For Sale"
Resturent Cashier,"Rs 65,000 - 75,000","Colombo, Cashier"
Apple iPhone SE 2 128GB (Used),"Rs 47,997","Gampaha, Mobile Phones"
(NCR521) Commercial Space for Rent in Dehiwala,"Rs 300,000 /month","Colombo, Commercial Property Rentals"
Brand New Apartment for Sale in Kotte - PDA374,"Rs 49,000,000","Colombo, Apartments For Sale"
SAMSUNG TV 65 INCH QLED 4K SMART - (Q70D),"Rs 385,000","Colombo, TVs"
Strong Structure Brand New House For Sale Malabe,"Rs 34,500,000","Colombo, Houses For Sale"
Apple iPhone 17 Air 256GB (Used),"Rs 280,000","Colombo, Mobile Phones"
(PH570) House for sale in Nugegoda,"Rs 89,000,000","Colombo, Houses For Sale"
lake view lands plots in matara,"Rs 385,000 per perch","Matara, Land For Sale"
(PR832) Furnished House for Rent in Battaramulla Muttettugoda Road,"Rs 170,000 /month","Colombo, House Rentals"
7 P With Luxury Brand New House For Sale Malabe,"Rs 49,500,000","Colombo, Houses For Sale"
Astoria - Furnished Apartment For Sale A44152,"Rs 100,000,000","Colombo, Apartments For Sale"
Tea estate for sale in Homagama,"Rs 555,000 per perch","Colombo, Land For Sale"
"I5 3rd Gen 24"" Led Monitor 8GB RAM Full Set","Rs 33,900","Colombo, Computers & Tablets"
RENT A CAR VIVA ELLITE AUTO,"Rs 92,500","Colombo, Rentals"
Apple iPhone 13 128GB (Used),"Rs 94,990","Colombo, Mobile Phones"
Suzuki Spacia XS Custom 2021,"Rs 9,500,000","Colombo, Cars"
Nissan March K11 Seat Covers 2008,"Rs 17,400","Colombo, Auto Parts & Accessories"
Suzuki Wagon R (55S) Alternater - Reconditioned,"Rs 35,000","Colombo, Auto Parts & Accessories"
Toyota Corolla 121 Car Seat Cover,"Rs 17,400","Colombo, Auto Parts & Accessories"
Nissan Dayz 2025,"Rs 7,895,000","Colombo, Cars"
406 Peugeot Car Android Gps DVD Audio Setup with Panel,"Rs 38,000","Colombo, Auto Parts & Accessories"
Newly Built 2 Story House For Sale In Moratuwa - CH1678,"Rs 75,000,000","Colombo, Houses For Sale"
Peugeot 407 OEM GPS Carplay Android DVD Audio Setup with Panel,"Rs 43,000","Colombo, Auto Parts & Accessories"
(INR-408) Valuable Two Storey House Rent in Pannipitiya,"Rs 150,000 /month","Colombo, House Rentals"
9 Inch Philips Apple Carplay Android Auto Car Setup,"Rs 30,500","Colombo, Auto Parts & Accessories"
Sansui 9inch Aandroid Gps Car Dvd Audio Setup,"Rs 31,000","Colombo, Auto Parts & Accessories"
Xiaomi Redmi A5 (Brand New),"Rs 32,900","Colombo, Mobile Phones"
Land for sale in Homagama,"Rs 500,000 per perch","Colombo, Land For Sale"
Suzuki Swift Car Android Setup 10 Inch Panel,"Rs 5,800","Colombo, Auto Parts & Accessories"
Moto G04s 1 (Used),"Rs 14,000","Galle, Mobile Phones"
Astoria - Unfurnished Apartment for Sale A39340,"Rs 120,000,000","Colombo, Apartments For Sale"
Pressure Cooker Orange 5 L,"Rs 8,930","Colombo, Kitchen items"
AC COMPRESSOR VEZAL GP5 GRACE GP7,"Rs 110,000","Gampaha, Auto Parts & Accessories"
Suzuki Alto 800 Car Andriod Setup 9 Inch Panel,"Rs 5,600","Colombo, Auto Parts & Accessories"
